date_recorded,clip_num,id,annotation_providing_instrument,action,action_taking_instrument,start,clip_duration,performer_id
02-06-2026,Clip1,02-06-2026-Clip1,guitar,initiation,saxophone,0:03.000,378.0,1
02-06-2026,Clip1,02-06-2026-Clip1,guitar,initiation,guitar,0:06.280,378.0,1
02-06-2026,Clip1,02-06-2026-Clip1,guitar,agreement,saxophone,0:08.705,378.0,1
02-06-2026,Clip1,02-06-2026-Clip1,guitar,initiation,guitar,2:32.785,378.0,1
02-06-2026,Clip1,02-06-2026-Clip1,guitar,agreement,saxophone,2:35.255,378.0,1
02-06-2026,Clip1,02-06-2026-Clip1,guitar,initiation,guitar,3:50.375,378.0,1
02-06-2026,Clip1,02-06-2026-Clip1,guitar,agreement,saxophone,3:55.405,378.0,1
02-06-2026,Clip1,02-06-2026-Clip1,guitar,initiation,saxophone,4:35.570,378.0,1
02-06-2026,Clip1,02-06-2026-Clip1,guitar,agreement,guitar,4:36.500,378.0,1
02-06-2026,Clip1,02-06-2026-Clip1,guitar,initiation,guitar,5:07.500,378.0,1
02-06-2026,Clip1,02-06-2026-Clip1,guitar,agreement,saxophone,5:09.000,378.0,1
02-06-2026,Clip1,02-06-2026-Clip1,saxophone,initiation,saxophone,0:03.000,378.0,3
02-06-2026,Clip1,02-06-2026-Clip1,saxophone,initiation,guitar,0:06.000,378.0,3
02-06-2026,Clip1,02-06-2026-Clip1,saxophone,agreement,saxophone,0:08.390,378.0,3
02-06-2026,Clip1,02-06-2026-Clip1,saxophone,initiation,saxophone,0:19.384,378.0,3
02-06-2026,Clip1,02-06-2026-Clip1,saxophone,initiation,guitar,0:30.354,378.0,3
02-06-2026,Clip1,02-06-2026-Clip1,saxophone,agreement,saxophone,0:32.485,378.0,3
02-06-2026,Clip1,02-06-2026-Clip1,saxophone,initiation,guitar,0:48.160,378.0,3
02-06-2026,Clip1,02-06-2026-Clip1,saxophone,agreement,saxophone,0:53.117,378.0,3
02-06-2026,Clip1,02-06-2026-Clip1,saxophone,initiation,guitar,1:20.676,378.0,3
02-06-2026,Clip1,02-06-2026-Clip1,saxophone,agreement,saxophone,1:24.063,378.0,3
02-06-2026,Clip1,02-06-2026-Clip1,saxophone,initiation,guitar,2:03.240,378.0,3
02-06-2026,Clip1,02-06-2026-Clip1,saxophone,agreement,saxophone,2:05.114,378.0,3
02-06-2026,Clip1,02-06-2026-Clip1,saxophone,initiation,saxophone,2:32.736,378.0,3
02-06-2026,Clip1,02-06-2026-Clip1,saxophone,agreement,saxophone,2:35.200,378.0,3
02-06-2026,Clip1,02-06-2026-Clip1,saxophone,initiation,guitar,3:50.425,378.0,3
02-06-2026,Clip1,02-06-2026-Clip1,saxophone,agreement,saxophone,4:00.285,378.0,3
02-06-2026,Clip1,02-06-2026-Clip1,saxophone,initiation,guitar,5:01.099,378.0,3
02-06-2026,Clip1,02-06-2026-Clip1,saxophone,agreement,saxophone,5:07.958,378.0,3
02-06-2026,Clip2,02-06-2026-Clip2,guitar,initiation,saxophone,0:00.190,1041.6,1
02-06-2026,Clip2,02-06-2026-Clip2,guitar,agreement,guitar,0:02.820,1041.6,1
02-06-2026,Clip2,02-06-2026-Clip2,guitar,initiation,guitar,2:53.365,1041.6,1
02-06-2026,Clip2,02-06-2026-Clip2,guitar,agreement,saxophone,3:06.460,1041.6,1
02-06-2026,Clip2,02-06-2026-Clip2,guitar,initiation,saxophone,3:34.855,1041.6,1
02-06-2026,Clip2,02-06-2026-Clip2,guitar,agreement,guitar,3:40.000,1041.6,1
02-06-2026,Clip2,02-06-2026-Clip2,guitar,initiation,guitar,4:46.620,1041.6,1
02-06-2026,Clip2,02-06-2026-Clip2,guitar,agreement,saxophone,4:51.000,1041.6,1
02-06-2026,Clip2,02-06-2026-Clip2,guitar,initiation,saxophone,6:51.200,1041.6,1
02-06-2026,Clip2,02-06-2026-Clip2,guitar,agreement,guitar,6:53.785,1041.6,1
02-06-2026,Clip2,02-06-2026-Clip2,guitar,initiation,guitar,8:49.025,1041.6,1
02-06-2026,Clip2,02-06-2026-Clip2,guitar,agreement,saxophone,8:51.140,1041.6,1
02-06-2026,Clip2,02-06-2026-Clip2,guitar,initiation,saxophone,9:11.910,1041.6,1
02-06-2026,Clip2,02-06-2026-Clip2,guitar,agreement,guitar,9:14.580,1041.6,1
02-06-2026,Clip2,02-06-2026-Clip2,guitar,initiation,guitar,11:31.050,1041.6,1
02-06-2026,Clip2,02-06-2026-Clip2,guitar,agreement,saxophone,11:35.340,1041.6,1
02-06-2026,Clip2,02-06-2026-Clip2,guitar,initiation,guitar,13:01.285,1041.6,1
02-06-2026,Clip2,02-06-2026-Clip2,guitar,agreement,saxophone,13:04.225,1041.6,1
02-06-2026,Clip2,02-06-2026-Clip2,guitar,initiation,guitar,13:58.565,1041.6,1
02-06-2026,Clip2,02-06-2026-Clip2,guitar,agreement,saxophone,14:03.885,1041.6,1
02-06-2026,Clip2,02-06-2026-Clip2,guitar,initiation,saxophone,14:47.445,1041.6,1
02-06-2026,Clip2,02-06-2026-Clip2,guitar,agreement,guitar,14:50.265,1041.6,1
02-06-2026,Clip2,02-06-2026-Clip2,guitar,initiation,guitar,16:11.000,1041.6,1
02-06-2026,Clip2,02-06-2026-Clip2,guitar,agreement,saxophone,16:12.000,1041.6,1
02-06-2026,Clip2,02-06-2026-Clip2,saxophone,initiation,saxophone,0:00.152,1041.6,3
02-06-2026,Clip2,02-06-2026-Clip2,saxophone,agreement,guitar,0:32.000,1041.6,3
02-06-2026,Clip2,02-06-2026-Clip2,saxophone,initiation,guitar,1:27.000,1041.6,3
02-06-2026,Clip2,02-06-2026-Clip2,saxophone,agreement,saxophone,1:33.110,1041.6,3
02-06-2026,Clip2,02-06-2026-Clip2,saxophone,initiation,saxophone,1:51.499,1041.6,3
02-06-2026,Clip2,02-06-2026-Clip2,saxophone,agreement,guitar,1:52.434,1041.6,3
02-06-2026,Clip2,02-06-2026-Clip2,saxophone,initiation,guitar,2:54.000,1041.6,3
02-06-2026,Clip2,02-06-2026-Clip2,saxophone,agreement,saxophone,3:06.405,1041.6,3
02-06-2026,Clip2,02-06-2026-Clip2,saxophone,initiation,saxophone,3:56.453,1041.6,3
02-06-2026,Clip2,02-06-2026-Clip2,saxophone,initiation,guitar,4:07.145,1041.6,3
02-06-2026,Clip2,02-06-2026-Clip2,saxophone,agreement,saxophone,4:08.584,1041.6,3
02-06-2026,Clip2,02-06-2026-Clip2,saxophone,initiation,guitar,4:44.499,1041.6,3
02-06-2026,Clip2,02-06-2026-Clip2,saxophone,agreement,saxophone,4:51.935,1041.6,3
02-06-2026,Clip2,02-06-2026-Clip2,saxophone,initiation,guitar,5:14.840,1041.6,3
02-06-2026,Clip2,02-06-2026-Clip2,saxophone,agreement,saxophone,5:16.653,1041.6,3
02-06-2026,Clip2,02-06-2026-Clip2,saxophone,initiation,guitar,6:15.484,1041.6,3
02-06-2026,Clip2,02-06-2026-Clip2,saxophone,agreement,saxophone,6:16.324,1041.6,3
02-06-2026,Clip2,02-06-2026-Clip2,saxophone,initiation,guitar,6:40.137,1041.6,3
02-06-2026,Clip2,02-06-2026-Clip2,saxophone,initiation,saxophone,6:52.770,1041.6,3
02-06-2026,Clip2,02-06-2026-Clip2,saxophone,agreement,guitar,6:53.873,1041.6,3
02-06-2026,Clip2,02-06-2026-Clip2,saxophone,initiation,guitar,7:08.869,1041.6,3
02-06-2026,Clip2,02-06-2026-Clip2,saxophone,agreement,saxophone,7:10.669,1041.6,3
02-06-2026,Clip2,02-06-2026-Clip2,saxophone,initiation,guitar,7:42.354,1041.6,3
02-06-2026,Clip2,02-06-2026-Clip2,saxophone,initiation,saxophone,7:48.356,1041.6,3
02-06-2026,Clip2,02-06-2026-Clip2,saxophone,agreement,guitar,7:50.685,1041.6,3
02-06-2026,Clip2,02-06-2026-Clip2,saxophone,initiation,guitar,8:34.342,1041.6,3
02-06-2026,Clip2,02-06-2026-Clip2,saxophone,agreement,saxophone,8:39.886,1041.6,3
02-06-2026,Clip2,02-06-2026-Clip2,saxophone,initiation,saxophone,9:06.201,1041.6,3
02-06-2026,Clip2,02-06-2026-Clip2,saxophone,agreement,guitar,9:09.285,1041.6,3
02-06-2026,Clip2,02-06-2026-Clip2,saxophone,initiation,guitar,10:11.957,1041.6,3
02-06-2026,Clip2,02-06-2026-Clip2,saxophone,initiation,saxophone,10:28.991,1041.6,3
02-06-2026,Clip2,02-06-2026-Clip2,saxophone,initiation,guitar,10:32.327,1041.6,3
02-06-2026,Clip2,02-06-2026-Clip2,saxophone,agreement,saxophone,10:34.313,1041.6,3
02-06-2026,Clip2,02-06-2026-Clip2,saxophone,initiation,saxophone,11:13.129,1041.6,3
02-06-2026,Clip2,02-06-2026-Clip2,saxophone,initiation,guitar,11:24.943,1041.6,3
02-06-2026,Clip2,02-06-2026-Clip2,saxophone,initiation,saxophone,11:35.217,1041.6,3
02-06-2026,Clip2,02-06-2026-Clip2,saxophone,agreement,guitar,11:37.014,1041.6,3
02-06-2026,Clip2,02-06-2026-Clip2,saxophone,initiation,guitar,12:29.031,1041.6,3
02-06-2026,Clip2,02-06-2026-Clip2,saxophone,agreement,saxophone,12:30.843,1041.6,3
02-06-2026,Clip2,02-06-2026-Clip2,saxophone,initiation,guitar,13:01.154,1041.6,3
02-06-2026,Clip2,02-06-2026-Clip2,saxophone,agreement,saxophone,13:07.163,1041.6,3
02-06-2026,Clip2,02-06-2026-Clip2,saxophone,initiation,guitar,13:59.831,1041.6,3
02-06-2026,Clip2,02-06-2026-Clip2,saxophone,initiation,saxophone,14:03.809,1041.6,3
02-06-2026,Clip2,02-06-2026-Clip2,saxophone,initiation,guitar,14:09.096,1041.6,3
02-06-2026,Clip2,02-06-2026-Clip2,saxophone,initiation,saxophone,14:12.263,1041.6,3
02-06-2026,Clip2,02-06-2026-Clip2,saxophone,agreement,guitar,14:27.297,1041.6,3
02-06-2026,Clip2,02-06-2026-Clip2,saxophone,initiation,saxophone,14:47.273,1041.6,3
02-06-2026,Clip2,02-06-2026-Clip2,saxophone,agreement,guitar,14:53.178,1041.6,3
02-06-2026,Clip2,02-06-2026-Clip2,saxophone,initiation,guitar,15:17.211,1041.6,3
02-06-2026,Clip2,02-06-2026-Clip2,saxophone,initiation,guitar,15:32.971,1041.6,3
02-06-2026,Clip2,02-06-2026-Clip2,saxophone,agreement,saxophone,15:34.620,1041.6,3
02-06-2026,Clip2,02-06-2026-Clip2,saxophone,initiation,saxophone,15:56.202,1041.6,3
02-06-2026,Clip2,02-06-2026-Clip2,saxophone,initiation,guitar,15:59.948,1041.6,3
02-06-2026,Clip2,02-06-2026-Clip2,saxophone,initiation,saxophone,16:05.027,1041.6,3
02-06-2026,Clip2,02-06-2026-Clip2,saxophone,agreement,guitar,16:05.767,1041.6,3
02-06-2026,Clip3,02-06-2026-Clip3,guitar,initiation,saxophone,0:02.180,982.5833333333334,1
02-06-2026,Clip3,02-06-2026-Clip3,guitar,agreement,guitar,0:11.615,982.5833333333334,1
02-06-2026,Clip3,02-06-2026-Clip3,guitar,initiation,guitar,2:26.000,982.5833333333334,1
02-06-2026,Clip3,02-06-2026-Clip3,guitar,agreement,saxophone,2:27.525,982.5833333333334,1
02-06-2026,Clip3,02-06-2026-Clip3,guitar,initiation,guitar,3:18.310,982.5833333333334,1
02-06-2026,Clip3,02-06-2026-Clip3,guitar,agreement,saxophone,3:19.855,982.5833333333334,1
02-06-2026,Clip3,02-06-2026-Clip3,guitar,initiation,guitar,4:35.215,982.5833333333334,1
02-06-2026,Clip3,02-06-2026-Clip3,guitar,initiation,saxophone,4:46.415,982.5833333333334,1
02-06-2026,Clip3,02-06-2026-Clip3,guitar,initiation,guitar,4:54.120,982.5833333333334,1
02-06-2026,Clip3,02-06-2026-Clip3,guitar,agreement,saxophone,4:58.645,982.5833333333334,1
02-06-2026,Clip3,02-06-2026-Clip3,guitar,initiation,saxophone,7:11.240,982.5833333333334,1
02-06-2026,Clip3,02-06-2026-Clip3,guitar,agreement,guitar,7:13.060,982.5833333333334,1
02-06-2026,Clip3,02-06-2026-Clip3,guitar,initiation,guitar,8:58.590,982.5833333333334,1
02-06-2026,Clip3,02-06-2026-Clip3,guitar,agreement,saxophone,9:04.045,982.5833333333334,1
02-06-2026,Clip3,02-06-2026-Clip3,guitar,initiation,saxophone,11:20.890,982.5833333333334,1
02-06-2026,Clip3,02-06-2026-Clip3,guitar,agreement,guitar,11:22.900,982.5833333333334,1
02-06-2026,Clip3,02-06-2026-Clip3,guitar,initiation,guitar,13:24.920,982.5833333333334,1
02-06-2026,Clip3,02-06-2026-Clip3,guitar,agreement,saxophone,13:35.435,982.5833333333334,1
02-06-2026,Clip3,02-06-2026-Clip3,saxophone,initiation,saxophone,0:02.171,982.5833333333334,3
02-06-2026,Clip3,02-06-2026-Clip3,saxophone,agreement,guitar,0:14.500,982.5833333333334,3
02-06-2026,Clip3,02-06-2026-Clip3,saxophone,initiation,guitar,2:26.000,982.5833333333334,3
02-06-2026,Clip3,02-06-2026-Clip3,saxophone,agreement,saxophone,2:27.500,982.5833333333334,3
02-06-2026,Clip3,02-06-2026-Clip3,saxophone,initiation,guitar,2:40.000,982.5833333333334,3
02-06-2026,Clip3,02-06-2026-Clip3,saxophone,agreement,saxophone,2:42.703,982.5833333333334,3
02-06-2026,Clip3,02-06-2026-Clip3,saxophone,initiation,guitar,2:54.593,982.5833333333334,3
02-06-2026,Clip3,02-06-2026-Clip3,saxophone,agreement,saxophone,2:56.318,982.5833333333334,3
02-06-2026,Clip3,02-06-2026-Clip3,saxophone,initiation,guitar,3:18.276,982.5833333333334,3
02-06-2026,Clip3,02-06-2026-Clip3,saxophone,agreement,saxophone,3:19.960,982.5833333333334,3
02-06-2026,Clip3,02-06-2026-Clip3,saxophone,initiation,guitar,3:55.083,982.5833333333334,3
02-06-2026,Clip3,02-06-2026-Clip3,saxophone,initiation,saxophone,4:05.271,982.5833333333334,3
02-06-2026,Clip3,02-06-2026-Clip3,saxophone,initiation,guitar,4:13.886,982.5833333333334,3
02-06-2026,Clip3,02-06-2026-Clip3,saxophone,initiation,saxophone,4:18.090,982.5833333333334,3
02-06-2026,Clip3,02-06-2026-Clip3,saxophone,initiation,guitar,4:20.666,982.5833333333334,3
02-06-2026,Clip3,02-06-2026-Clip3,saxophone,agreement,saxophone,4:22.157,982.5833333333334,3
02-06-2026,Clip3,02-06-2026-Clip3,saxophone,initiation,saxophone,4:33.391,982.5833333333334,3
02-06-2026,Clip3,02-06-2026-Clip3,saxophone,initiation,guitar,4:34.924,982.5833333333334,3
02-06-2026,Clip3,02-06-2026-Clip3,saxophone,initiation,saxophone,4:46.406,982.5833333333334,3
02-06-2026,Clip3,02-06-2026-Clip3,saxophone,initiation,guitar,4:49.465,982.5833333333334,3
02-06-2026,Clip3,02-06-2026-Clip3,saxophone,agreement,saxophone,4:58.574,982.5833333333334,3
02-06-2026,Clip3,02-06-2026-Clip3,saxophone,initiation,saxophone,5:13.912,982.5833333333334,3
02-06-2026,Clip3,02-06-2026-Clip3,saxophone,initiation,guitar,5:16.909,982.5833333333334,3
02-06-2026,Clip3,02-06-2026-Clip3,saxophone,agreement,saxophone,5:22.257,982.5833333333334,3
02-06-2026,Clip3,02-06-2026-Clip3,saxophone,initiation,guitar,6:41.369,982.5833333333334,3
02-06-2026,Clip3,02-06-2026-Clip3,saxophone,agreement,saxophone,6:53.655,982.5833333333334,3
02-06-2026,Clip3,02-06-2026-Clip3,saxophone,initiation,guitar,7:52.930,982.5833333333334,3
02-06-2026,Clip3,02-06-2026-Clip3,saxophone,agreement,saxophone,7:54.456,982.5833333333334,3
02-06-2026,Clip3,02-06-2026-Clip3,saxophone,initiation,guitar,8:58.673,982.5833333333334,3
02-06-2026,Clip3,02-06-2026-Clip3,saxophone,agreement,saxophone,9:03.984,982.5833333333334,3
02-06-2026,Clip3,02-06-2026-Clip3,saxophone,initiation,saxophone,11:06.221,982.5833333333334,3
02-06-2026,Clip3,02-06-2026-Clip3,saxophone,initiation,guitar,11:14.978,982.5833333333334,3
02-06-2026,Clip3,02-06-2026-Clip3,saxophone,initiation,saxophone,11:20.866,982.5833333333334,3
02-06-2026,Clip3,02-06-2026-Clip3,saxophone,initiation,guitar,11:25.128,982.5833333333334,3
02-06-2026,Clip3,02-06-2026-Clip3,saxophone,agreement,saxophone,11:28.139,982.5833333333334,3
02-06-2026,Clip3,02-06-2026-Clip3,saxophone,initiation,guitar,13:26.990,982.5833333333334,3
02-06-2026,Clip3,02-06-2026-Clip3,saxophone,agreement,saxophone,13:35.387,982.5833333333334,3
02-06-2026,Clip3,02-06-2026-Clip3,saxophone,initiation,guitar,15:28.977,982.5833333333334,3
02-06-2026,Clip3,02-06-2026-Clip3,saxophone,agreement,saxophone,15:40.661,982.5833333333334,3
02-06-2026,Clip4,02-06-2026-Clip4,guitar,initiation,saxophone,0:02.160,820.6833333333333,1
02-06-2026,Clip4,02-06-2026-Clip4,guitar,agreement,guitar,0:08.460,820.6833333333333,1
02-06-2026,Clip4,02-06-2026-Clip4,guitar,initiation,guitar,4:31.230,820.6833333333333,1
02-06-2026,Clip4,02-06-2026-Clip4,guitar,agreement,saxophone,4:42.075,820.6833333333333,1
02-06-2026,Clip4,02-06-2026-Clip4,guitar,initiation,guitar,8:51.160,820.6833333333333,1
02-06-2026,Clip4,02-06-2026-Clip4,guitar,agreement,saxophone,8:57.500,820.6833333333333,1
02-06-2026,Clip4,02-06-2026-Clip4,guitar,initiation,saxophone,9:22.665,820.6833333333333,1
02-06-2026,Clip4,02-06-2026-Clip4,guitar,agreement,guitar,9:27.945,820.6833333333333,1
02-06-2026,Clip4,02-06-2026-Clip4,guitar,initiation,saxophone,9:51.350,820.6833333333333,1
02-06-2026,Clip4,02-06-2026-Clip4,guitar,agreement,guitar,9:52.095,820.6833333333333,1
02-06-2026,Clip4,02-06-2026-Clip4,guitar,initiation,guitar,11:56.280,820.6833333333333,1
02-06-2026,Clip4,02-06-2026-Clip4,guitar,agreement,saxophone,12:05.805,820.6833333333333,1
02-06-2026,Clip4,02-06-2026-Clip4,saxophone,initiation,saxophone,0:02.155,820.6833333333333,3
02-06-2026,Clip4,02-06-2026-Clip4,saxophone,agreement,guitar,0:17.543,820.6833333333333,3
02-06-2026,Clip4,02-06-2026-Clip4,saxophone,initiation,guitar,4:31.170,820.6833333333333,3
02-06-2026,Clip4,02-06-2026-Clip4,saxophone,agreement,saxophone,4:38.978,820.6833333333333,3
02-06-2026,Clip4,02-06-2026-Clip4,saxophone,initiation,guitar,4:56.484,820.6833333333333,3
02-06-2026,Clip4,02-06-2026-Clip4,saxophone,agreement,saxophone,4:57.597,820.6833333333333,3
02-06-2026,Clip4,02-06-2026-Clip4,saxophone,initiation,saxophone,5:26.717,820.6833333333333,3
02-06-2026,Clip4,02-06-2026-Clip4,saxophone,initiation,guitar,5:30.100,820.6833333333333,3
02-06-2026,Clip4,02-06-2026-Clip4,saxophone,agreement,saxophone,5:31.301,820.6833333333333,3
02-06-2026,Clip4,02-06-2026-Clip4,saxophone,initiation,guitar,5:38.194,820.6833333333333,3
02-06-2026,Clip4,02-06-2026-Clip4,saxophone,agreement,saxophone,5:39.466,820.6833333333333,3
02-06-2026,Clip4,02-06-2026-Clip4,saxophone,initiation,guitar,5:49.286,820.6833333333333,3
02-06-2026,Clip4,02-06-2026-Clip4,saxophone,agreement,saxophone,5:53.755,820.6833333333333,3
02-06-2026,Clip4,02-06-2026-Clip4,saxophone,initiation,guitar,6:35.556,820.6833333333333,3
02-06-2026,Clip4,02-06-2026-Clip4,saxophone,agreement,saxophone,6:37.616,820.6833333333333,3
02-06-2026,Clip4,02-06-2026-Clip4,saxophone,initiation,guitar,8:48.703,820.6833333333333,3
02-06-2026,Clip4,02-06-2026-Clip4,saxophone,agreement,saxophone,8:49.188,820.6833333333333,3
02-06-2026,Clip4,02-06-2026-Clip4,saxophone,initiation,saxophone,9:22.669,820.6833333333333,3
02-06-2026,Clip4,02-06-2026-Clip4,saxophone,agreement,guitar,9:27.843,820.6833333333333,3
02-06-2026,Clip4,02-06-2026-Clip4,saxophone,initiation,saxophone,9:51.305,820.6833333333333,3
02-06-2026,Clip4,02-06-2026-Clip4,saxophone,agreement,guitar,9:52.119,820.6833333333333,3
02-06-2026,Clip4,02-06-2026-Clip4,saxophone,initiation,guitar,11:57.656,820.6833333333333,3
02-06-2026,Clip4,02-06-2026-Clip4,saxophone,initiation,saxophone,12:15.577,820.6833333333333,3
02-06-2026,Clip4,02-06-2026-Clip4,saxophone,agreement,guitar,12:30.130,820.6833333333333,3
02-25-2026,Clip1,02-25-2026-Clip1,saxophone,initiation,saxophone,0:00.606,421.4166666666667,3
02-25-2026,Clip1,02-25-2026-Clip1,saxophone,agreement,trombone,0:01.874,421.4166666666667,3
02-25-2026,Clip1,02-25-2026-Clip1,saxophone,initiation,trombone,1:04.959,421.4166666666667,3
02-25-2026,Clip1,02-25-2026-Clip1,saxophone,agreement,saxophone,1:06.623,421.4166666666667,3
02-25-2026,Clip1,02-25-2026-Clip1,saxophone,initiation,saxophone,1:26.960,421.4166666666667,3
02-25-2026,Clip1,02-25-2026-Clip1,saxophone,agreement,trombone,1:29.045,421.4166666666667,3
02-25-2026,Clip1,02-25-2026-Clip1,saxophone,initiation,trombone,3:31.906,421.4166666666667,3
02-25-2026,Clip1,02-25-2026-Clip1,saxophone,agreement,saxophone,3:39.958,421.4166666666667,3
02-25-2026,Clip1,02-25-2026-Clip1,saxophone,initiation,trombone,3:51.887,421.4166666666667,3
02-25-2026,Clip1,02-25-2026-Clip1,saxophone,agreement,saxophone,3:57.970,421.4166666666667,3
02-25-2026,Clip1,02-25-2026-Clip1,saxophone,initiation,saxophone,4:29.966,421.4166666666667,3
02-25-2026,Clip1,02-25-2026-Clip1,saxophone,initiation,trombone,4:33.240,421.4166666666667,3
02-25-2026,Clip1,02-25-2026-Clip1,saxophone,agreement,saxophone,4:34.881,421.4166666666667,3
02-25-2026,Clip1,02-25-2026-Clip1,saxophone,initiation,saxophone,4:57.788,421.4166666666667,3
02-25-2026,Clip1,02-25-2026-Clip1,saxophone,agreement,trombone,4:59.507,421.4166666666667,3
02-25-2026,Clip1,02-25-2026-Clip1,trombone,initiation,saxophone,0:00.500,421.4166666666667,2
02-25-2026,Clip1,02-25-2026-Clip1,trombone,agreement,trombone,0:01.845,421.4166666666667,2
02-25-2026,Clip1,02-25-2026-Clip1,trombone,initiation,saxophone,0:34.320,421.4166666666667,2
02-25-2026,Clip1,02-25-2026-Clip1,trombone,initiation,trombone,0:38.137,421.4166666666667,2
02-25-2026,Clip1,02-25-2026-Clip1,trombone,agreement,saxophone,0:39.031,421.4166666666667,2
02-25-2026,Clip1,02-25-2026-Clip1,trombone,initiation,trombone,1:01.222,421.4166666666667,2
02-25-2026,Clip1,02-25-2026-Clip1,trombone,agreement,saxophone,1:02.501,421.4166666666667,2
02-25-2026,Clip1,02-25-2026-Clip1,trombone,initiation,trombone,1:55.494,421.4166666666667,2
02-25-2026,Clip1,02-25-2026-Clip1,trombone,initiation,saxophone,2:14.944,421.4166666666667,2
02-25-2026,Clip1,02-25-2026-Clip1,trombone,agreement,trombone,2:22.920,421.4166666666667,2
02-25-2026,Clip1,02-25-2026-Clip1,trombone,initiation,trombone,3:19.387,421.4166666666667,2
02-25-2026,Clip1,02-25-2026-Clip1,trombone,agreement,saxophone,3:23.505,421.4166666666667,2
02-25-2026,Clip1,02-25-2026-Clip1,trombone,initiation,saxophone,4:29.975,421.4166666666667,2
02-25-2026,Clip1,02-25-2026-Clip1,trombone,initiation,saxophone,4:34.577,421.4166666666667,2
02-25-2026,Clip1,02-25-2026-Clip1,trombone,initiation,saxophone,4:57.634,421.4166666666667,2
02-25-2026,Clip1,02-25-2026-Clip1,trombone,agreement,trombone,4:59.522,421.4166666666667,2
02-25-2026,Clip1,02-25-2026-Clip1,trombone,initiation,trombone,5:21.093,421.4166666666667,2
02-25-2026,Clip1,02-25-2026-Clip1,trombone,agreement,saxophone,5:25.997,421.4166666666667,2
02-25-2026,Clip2,02-25-2026-Clip2,saxophone,initiation,trombone,0:01.402,761.8133333333334,3
02-25-2026,Clip2,02-25-2026-Clip2,saxophone,agreement,saxophone,0:02.348,761.8133333333334,3
02-25-2026,Clip2,02-25-2026-Clip2,saxophone,initiation,trombone,0:27.819,761.8133333333334,3
02-25-2026,Clip2,02-25-2026-Clip2,saxophone,agreement,saxophone,0:28.856,761.8133333333334,3
02-25-2026,Clip2,02-25-2026-Clip2,saxophone,initiation,trombone,1:14.209,761.8133333333334,3
02-25-2026,Clip2,02-25-2026-Clip2,saxophone,agreement,saxophone,1:15.024,761.8133333333334,3
02-25-2026,Clip2,02-25-2026-Clip2,saxophone,initiation,trombone,1:23.175,761.8133333333334,3
02-25-2026,Clip2,02-25-2026-Clip2,saxophone,agreement,saxophone,1:25.750,761.8133333333334,3
02-25-2026,Clip2,02-25-2026-Clip2,saxophone,initiation,trombone,3:28.181,761.8133333333334,3
02-25-2026,Clip2,02-25-2026-Clip2,saxophone,agreement,saxophone,3:33.779,761.8133333333334,3
02-25-2026,Clip2,02-25-2026-Clip2,saxophone,initiation,trombone,4:33.307,761.8133333333334,3
02-25-2026,Clip2,02-25-2026-Clip2,saxophone,agreement,saxophone,4:36.085,761.8133333333334,3
02-25-2026,Clip2,02-25-2026-Clip2,saxophone,initiation,trombone,5:44.043,761.8133333333334,3
02-25-2026,Clip2,02-25-2026-Clip2,saxophone,agreement,saxophone,5:44.880,761.8133333333334,3
02-25-2026,Clip2,02-25-2026-Clip2,saxophone,initiation,saxophone,8:32.618,761.8133333333334,3
02-25-2026,Clip2,02-25-2026-Clip2,saxophone,agreement,trombone,8:33.848,761.8133333333334,3
02-25-2026,Clip2,02-25-2026-Clip2,saxophone,initiation,saxophone,9:08.926,761.8133333333334,3
02-25-2026,Clip2,02-25-2026-Clip2,saxophone,initiation,trombone,9:20.133,761.8133333333334,3
02-25-2026,Clip2,02-25-2026-Clip2,saxophone,agreement,saxophone,9:22.748,761.8133333333334,3
02-25-2026,Clip2,02-25-2026-Clip2,saxophone,initiation,saxophone,9:47.003,761.8133333333334,3
02-25-2026,Clip2,02-25-2026-Clip2,saxophone,initiation,trombone,10:09.316,761.8133333333334,3
02-25-2026,Clip2,02-25-2026-Clip2,saxophone,agreement,saxophone,10:11.518,761.8133333333334,3
02-25-2026,Clip2,02-25-2026-Clip2,saxophone,initiation,trombone,10:28.141,761.8133333333334,3
02-25-2026,Clip2,02-25-2026-Clip2,saxophone,agreement,saxophone,10:31.347,761.8133333333334,3
02-25-2026,Clip2,02-25-2026-Clip2,saxophone,initiation,saxophone,10:49.513,761.8133333333334,3
02-25-2026,Clip2,02-25-2026-Clip2,saxophone,agreement,trombone,10:50.230,761.8133333333334,3
02-25-2026,Clip2,02-25-2026-Clip2,saxophone,initiation,trombone,10:54.720,761.8133333333334,3
02-25-2026,Clip2,02-25-2026-Clip2,saxophone,agreement,saxophone,10:55.889,761.8133333333334,3
02-25-2026,Clip2,02-25-2026-Clip2,saxophone,initiation,saxophone,11:42.202,761.8133333333334,3
02-25-2026,Clip2,02-25-2026-Clip2,saxophone,agreement,trombone,11:47.046,761.8133333333334,3
02-25-2026,Clip2,02-25-2026-Clip2,trombone,initiation,trombone,0:01.330,761.8133333333334,2
02-25-2026,Clip2,02-25-2026-Clip2,trombone,agreement,saxophone,0:02.185,761.8133333333334,2
02-25-2026,Clip2,02-25-2026-Clip2,trombone,initiation,trombone,1:23.669,761.8133333333334,2
02-25-2026,Clip2,02-25-2026-Clip2,trombone,agreement,saxophone,1:27.695,761.8133333333334,2
02-25-2026,Clip2,02-25-2026-Clip2,trombone,initiation,trombone,5:00.275,761.8133333333334,2
02-25-2026,Clip2,02-25-2026-Clip2,trombone,agreement,saxophone,5:11.606,761.8133333333334,2
02-25-2026,Clip2,02-25-2026-Clip2,trombone,initiation,saxophone,8:36.741,761.8133333333334,2
02-25-2026,Clip2,02-25-2026-Clip2,trombone,agreement,trombone,8:38.070,761.8133333333334,2
02-25-2026,Clip2,02-25-2026-Clip2,trombone,initiation,trombone,9:10.038,761.8133333333334,2
02-25-2026,Clip2,02-25-2026-Clip2,trombone,agreement,saxophone,9:13.520,761.8133333333334,2
02-25-2026,Clip2,02-25-2026-Clip2,trombone,initiation,saxophone,9:51.692,761.8133333333334,2
02-25-2026,Clip2,02-25-2026-Clip2,trombone,agreement,trombone,10:14.227,761.8133333333334,2
02-25-2026,Clip2,02-25-2026-Clip2,trombone,initiation,trombone,10:34.674,761.8133333333334,2
02-25-2026,Clip2,02-25-2026-Clip2,trombone,agreement,saxophone,10:37.080,761.8133333333334,2
02-25-2026,Clip3,02-25-2026-Clip3,saxophone,initiation,trombone,0:01.601,504.78333333333336,3
02-25-2026,Clip3,02-25-2026-Clip3,saxophone,agreement,saxophone,0:04.625,504.78333333333336,3
02-25-2026,Clip3,02-25-2026-Clip3,saxophone,initiation,trombone,0:18.415,504.78333333333336,3
02-25-2026,Clip3,02-25-2026-Clip3,saxophone,agreement,saxophone,0:20.046,504.78333333333336,3
02-25-2026,Clip3,02-25-2026-Clip3,saxophone,initiation,saxophone,0:27.985,504.78333333333336,3
02-25-2026,Clip3,02-25-2026-Clip3,saxophone,agreement,trombone,0:29.870,504.78333333333336,3
02-25-2026,Clip3,02-25-2026-Clip3,saxophone,initiation,saxophone,0:42.992,504.78333333333336,3
02-25-2026,Clip3,02-25-2026-Clip3,saxophone,agreement,trombone,0:44.007,504.78333333333336,3
02-25-2026,Clip3,02-25-2026-Clip3,saxophone,initiation,trombone,0:56.308,504.78333333333336,3
02-25-2026,Clip3,02-25-2026-Clip3,saxophone,agreement,saxophone,0:57.982,504.78333333333336,3
02-25-2026,Clip3,02-25-2026-Clip3,saxophone,initiation,trombone,2:01.787,504.78333333333336,3
02-25-2026,Clip3,02-25-2026-Clip3,saxophone,agreement,saxophone,2:02.846,504.78333333333336,3
02-25-2026,Clip3,02-25-2026-Clip3,saxophone,initiation,saxophone,2:21.118,504.78333333333336,3
02-25-2026,Clip3,02-25-2026-Clip3,saxophone,initiation,trombone,2:24.587,504.78333333333336,3
02-25-2026,Clip3,02-25-2026-Clip3,saxophone,agreement,saxophone,2:28.701,504.78333333333336,3
02-25-2026,Clip3,02-25-2026-Clip3,saxophone,initiation,trombone,3:15.015,504.78333333333336,3
02-25-2026,Clip3,02-25-2026-Clip3,saxophone,agreement,saxophone,3:15.129,504.78333333333336,3
02-25-2026,Clip3,02-25-2026-Clip3,saxophone,initiation,trombone,4:00.768,504.78333333333336,3
02-25-2026,Clip3,02-25-2026-Clip3,saxophone,agreement,saxophone,4:04.900,504.78333333333336,3
02-25-2026,Clip3,02-25-2026-Clip3,saxophone,initiation,trombone,4:15.185,504.78333333333336,3
02-25-2026,Clip3,02-25-2026-Clip3,saxophone,agreement,saxophone,4:15.859,504.78333333333336,3
02-25-2026,Clip3,02-25-2026-Clip3,saxophone,initiation,saxophone,4:37.120,504.78333333333336,3
02-25-2026,Clip3,02-25-2026-Clip3,saxophone,agreement,trombone,4:40.484,504.78333333333336,3
02-25-2026,Clip3,02-25-2026-Clip3,saxophone,initiation,saxophone,5:49.236,504.78333333333336,3
02-25-2026,Clip3,02-25-2026-Clip3,saxophone,initiation,trombone,6:15.973,504.78333333333336,3
02-25-2026,Clip3,02-25-2026-Clip3,saxophone,agreement,saxophone,6:17.873,504.78333333333336,3
02-25-2026,Clip3,02-25-2026-Clip3,saxophone,initiation,trombone,7:10.847,504.78333333333336,3
02-25-2026,Clip3,02-25-2026-Clip3,saxophone,agreement,saxophone,7:14.782,504.78333333333336,3
02-25-2026,Clip3,02-25-2026-Clip3,saxophone,initiation,trombone,7:52.033,504.78333333333336,3
02-25-2026,Clip3,02-25-2026-Clip3,saxophone,agreement,saxophone,7:52.886,504.78333333333336,3
02-25-2026,Clip3,02-25-2026-Clip3,trombone,initiation,trombone,0:01.634,504.78333333333336,2
02-25-2026,Clip3,02-25-2026-Clip3,trombone,agreement,saxophone,0:04.489,504.78333333333336,2
02-25-2026,Clip3,02-25-2026-Clip3,trombone,initiation,saxophone,0:27.984,504.78333333333336,2
02-25-2026,Clip3,02-25-2026-Clip3,trombone,agreement,trombone,0:29.968,504.78333333333336,2
02-25-2026,Clip3,02-25-2026-Clip3,trombone,initiation,saxophone,3:15.024,504.78333333333336,2
02-25-2026,Clip3,02-25-2026-Clip3,trombone,agreement,trombone,3:19.124,504.78333333333336,2
02-25-2026,Clip3,02-25-2026-Clip3,trombone,initiation,trombone,4:12.717,504.78333333333336,2
02-25-2026,Clip3,02-25-2026-Clip3,trombone,agreement,saxophone,4:15.695,504.78333333333336,2
02-25-2026,Clip3,02-25-2026-Clip3,trombone,initiation,saxophone,5:48.453,504.78333333333336,2
02-25-2026,Clip3,02-25-2026-Clip3,trombone,initiation,trombone,6:15.763,504.78333333333336,2
02-25-2026,Clip3,02-25-2026-Clip3,trombone,agreement,saxophone,6:30.000,504.78333333333336,2
02-25-2026,Clip3,02-25-2026-Clip3,trombone,initiation,trombone,7:49.659,504.78333333333336,2
02-25-2026,Clip3,02-25-2026-Clip3,trombone,agreement,saxophone,7:51.142,504.78333333333336,2
02-25-2026,Clip4,02-25-2026-Clip4,saxophone,initiation,trombone,00:00.9,568.2,3
02-25-2026,Clip4,02-25-2026-Clip4,saxophone,agreement,saxophone,00:03.4,568.2,3
02-25-2026,Clip4,02-25-2026-Clip4,saxophone,initiation,trombone,01:24.1,568.2,3
02-25-2026,Clip4,02-25-2026-Clip4,saxophone,agreement,saxophone,01:30.8,568.2,3
02-25-2026,Clip4,02-25-2026-Clip4,saxophone,initiation,trombone,02:02.0,568.2,3
02-25-2026,Clip4,02-25-2026-Clip4,saxophone,agreement,saxophone,02:04.2,568.2,3
02-25-2026,Clip4,02-25-2026-Clip4,saxophone,initiation,trombone,03:03.8,568.2,3
02-25-2026,Clip4,02-25-2026-Clip4,saxophone,agreement,saxophone,03:04.7,568.2,3
02-25-2026,Clip4,02-25-2026-Clip4,saxophone,initiation,trombone,03:49.3,568.2,3
02-25-2026,Clip4,02-25-2026-Clip4,saxophone,agreement,saxophone,03:53.5,568.2,3
02-25-2026,Clip4,02-25-2026-Clip4,saxophone,initiation,trombone,04:26.5,568.2,3
02-25-2026,Clip4,02-25-2026-Clip4,saxophone,agreement,saxophone,04:28.6,568.2,3
02-25-2026,Clip4,02-25-2026-Clip4,saxophone,initiation,trombone,04:47.1,568.2,3
02-25-2026,Clip4,02-25-2026-Clip4,saxophone,agreement,saxophone,04:47.6,568.2,3
02-25-2026,Clip4,02-25-2026-Clip4,saxophone,initiation,trombone,05:11.2,568.2,3
02-25-2026,Clip4,02-25-2026-Clip4,saxophone,initiation,saxophone,05:15.6,568.2,3
02-25-2026,Clip4,02-25-2026-Clip4,saxophone,agreement,trombone,05:16.5,568.2,3
02-25-2026,Clip4,02-25-2026-Clip4,saxophone,initiation,trombone,06:37.0,568.2,3
02-25-2026,Clip4,02-25-2026-Clip4,saxophone,agreement,saxophone,06:39.3,568.2,3
02-25-2026,Clip4,02-25-2026-Clip4,saxophone,initiation,saxophone,06:44.3,568.2,3
02-25-2026,Clip4,02-25-2026-Clip4,saxophone,agreement,trombone,07:07.6,568.2,3
02-25-2026,Clip4,02-25-2026-Clip4,saxophone,initiation,trombone,08:20.0,568.2,3
02-25-2026,Clip4,02-25-2026-Clip4,saxophone,agreement,saxophone,08:22.2,568.2,3
02-25-2026,Clip4,02-25-2026-Clip4,trombone,initiation,trombone,0:00.811,568.2,2
02-25-2026,Clip4,02-25-2026-Clip4,trombone,agreement,saxophone,0:03.336,568.2,2
02-25-2026,Clip4,02-25-2026-Clip4,trombone,initiation,saxophone,1:24.022,568.2,2
02-25-2026,Clip4,02-25-2026-Clip4,trombone,agreement,trombone,1:32.750,568.2,2
02-25-2026,Clip4,02-25-2026-Clip4,trombone,initiation,trombone,2:23.121,568.2,2
02-25-2026,Clip4,02-25-2026-Clip4,trombone,initiation,trombone,3:03.734,568.2,2
02-25-2026,Clip4,02-25-2026-Clip4,trombone,agreement,saxophone,3:07.996,568.2,2
02-25-2026,Clip4,02-25-2026-Clip4,trombone,initiation,trombone,3:51.640,568.2,2
02-25-2026,Clip4,02-25-2026-Clip4,trombone,agreement,saxophone,3:53.546,568.2,2
02-25-2026,Clip4,02-25-2026-Clip4,trombone,initiation,trombone,5:11.077,568.2,2
02-25-2026,Clip4,02-25-2026-Clip4,trombone,agreement,saxophone,5:15.859,568.2,2
02-25-2026,Clip4,02-25-2026-Clip4,trombone,initiation,saxophone,6:44.274,568.2,2
02-25-2026,Clip4,02-25-2026-Clip4,trombone,agreement,trombone,7:07.535,568.2,2
02-25-2026,Clip4,02-25-2026-Clip4,trombone,initiation,saxophone,8:22.024,568.2,2
02-25-2026,Clip4,02-25-2026-Clip4,trombone,agreement,trombone,8:24.546,568.2,2
02-25-2026,Clip5,02-25-2026-Clip5,saxophone,initiation,trombone,0:01.569,429.3,3
02-25-2026,Clip5,02-25-2026-Clip5,saxophone,agreement,saxophone,0:08.086,429.3,3
02-25-2026,Clip5,02-25-2026-Clip5,saxophone,initiation,trombone,0:25.649,429.3,3
02-25-2026,Clip5,02-25-2026-Clip5,saxophone,agreement,saxophone,0:26.280,429.3,3
02-25-2026,Clip5,02-25-2026-Clip5,saxophone,initiation,trombone,0:42.165,429.3,3
02-25-2026,Clip5,02-25-2026-Clip5,saxophone,agreement,saxophone,0:44.397,429.3,3
02-25-2026,Clip5,02-25-2026-Clip5,saxophone,initiation,trombone,0:53.417,429.3,3
02-25-2026,Clip5,02-25-2026-Clip5,saxophone,agreement,saxophone,0:56.078,429.3,3
02-25-2026,Clip5,02-25-2026-Clip5,saxophone,initiation,trombone,0:58.806,429.3,3
02-25-2026,Clip5,02-25-2026-Clip5,saxophone,agreement,saxophone,0:59.851,429.3,3
02-25-2026,Clip5,02-25-2026-Clip5,saxophone,initiation,trombone,1:09.586,429.3,3
02-25-2026,Clip5,02-25-2026-Clip5,saxophone,agreement,saxophone,1:10.976,429.3,3
02-25-2026,Clip5,02-25-2026-Clip5,saxophone,initiation,saxophone,1:36.757,429.3,3
02-25-2026,Clip5,02-25-2026-Clip5,saxophone,agreement,trombone,1:38.898,429.3,3
02-25-2026,Clip5,02-25-2026-Clip5,saxophone,initiation,saxophone,2:01.790,429.3,3
02-25-2026,Clip5,02-25-2026-Clip5,saxophone,agreement,trombone,2:06.318,429.3,3
02-25-2026,Clip5,02-25-2026-Clip5,saxophone,initiation,trombone,3:47.040,429.3,3
02-25-2026,Clip5,02-25-2026-Clip5,saxophone,agreement,saxophone,3:48.739,429.3,3
02-25-2026,Clip5,02-25-2026-Clip5,saxophone,initiation,trombone,3:59.959,429.3,3
02-25-2026,Clip5,02-25-2026-Clip5,saxophone,agreement,saxophone,4:01.584,429.3,3
02-25-2026,Clip5,02-25-2026-Clip5,saxophone,initiation,trombone,4:21.447,429.3,3
02-25-2026,Clip5,02-25-2026-Clip5,saxophone,agreement,saxophone,4:23.191,429.3,3
02-25-2026,Clip5,02-25-2026-Clip5,saxophone,initiation,trombone,4:30.801,429.3,3
02-25-2026,Clip5,02-25-2026-Clip5,saxophone,agreement,saxophone,4:31.555,429.3,3
02-25-2026,Clip5,02-25-2026-Clip5,saxophone,initiation,trombone,4:42.771,429.3,3
02-25-2026,Clip5,02-25-2026-Clip5,saxophone,agreement,saxophone,4:44.626,429.3,3
02-25-2026,Clip5,02-25-2026-Clip5,saxophone,initiation,trombone,5:23.906,429.3,3
02-25-2026,Clip5,02-25-2026-Clip5,saxophone,agreement,saxophone,5:25.814,429.3,3
02-25-2026,Clip5,02-25-2026-Clip5,saxophone,initiation,trombone,5:31.254,429.3,3
02-25-2026,Clip5,02-25-2026-Clip5,saxophone,agreement,saxophone,5:32.580,429.3,3
02-25-2026,Clip5,02-25-2026-Clip5,saxophone,initiation,saxophone,5:43.935,429.3,3
02-25-2026,Clip5,02-25-2026-Clip5,saxophone,agreement,trombone,5:44.936,429.3,3
02-25-2026,Clip5,02-25-2026-Clip5,saxophone,initiation,trombone,5:49.766,429.3,3
02-25-2026,Clip5,02-25-2026-Clip5,saxophone,agreement,saxophone,5:51.792,429.3,3
02-25-2026,Clip5,02-25-2026-Clip5,saxophone,initiation,trombone,6:44.827,429.3,3
02-25-2026,Clip5,02-25-2026-Clip5,saxophone,agreement,saxophone,6:47.175,429.3,3
02-25-2026,Clip5,02-25-2026-Clip5,trombone,initiation,trombone,0:01.500,429.3,2
02-25-2026,Clip5,02-25-2026-Clip5,trombone,agreement,saxophone,0:08.000,429.3,2
02-25-2026,Clip5,02-25-2026-Clip5,trombone,initiation,saxophone,0:17.000,429.3,2
02-25-2026,Clip5,02-25-2026-Clip5,trombone,agreement,trombone,0:18.126,429.3,2
02-25-2026,Clip5,02-25-2026-Clip5,trombone,initiation,saxophone,0:56.024,429.3,2
02-25-2026,Clip5,02-25-2026-Clip5,trombone,agreement,trombone,0:58.868,429.3,2
02-25-2026,Clip5,02-25-2026-Clip5,trombone,initiation,trombone,1:06.369,429.3,2
02-25-2026,Clip5,02-25-2026-Clip5,trombone,initiation,saxophone,1:06.788,429.3,2
02-25-2026,Clip5,02-25-2026-Clip5,trombone,initiation,saxophone,1:10.887,429.3,2
02-25-2026,Clip5,02-25-2026-Clip5,trombone,agreement,trombone,1:12.337,429.3,2
02-25-2026,Clip5,02-25-2026-Clip5,trombone,initiation,trombone,3:59.879,429.3,2
02-25-2026,Clip5,02-25-2026-Clip5,trombone,agreement,saxophone,4:01.636,429.3,2
02-25-2026,Clip5,02-25-2026-Clip5,trombone,initiation,trombone,5:49.641,429.3,2
02-25-2026,Clip5,02-25-2026-Clip5,trombone,agreement,saxophone,5:51.955,429.3,2
02-25-2026,Clip5,02-25-2026-Clip5,trombone,initiation,trombone,6:39.809,429.3,2
02-25-2026,Clip5,02-25-2026-Clip5,trombone,agreement,saxophone,6:47.059,429.3,2
02-25-2026,Clip6,02-25-2026-Clip6,saxophone,initiation,trombone,0:00.736,410.1,3
02-25-2026,Clip6,02-25-2026-Clip6,saxophone,agreement,saxophone,0:05.476,410.1,3
02-25-2026,Clip6,02-25-2026-Clip6,saxophone,initiation,trombone,1:07.327,410.1,3
02-25-2026,Clip6,02-25-2026-Clip6,saxophone,agreement,saxophone,1:08.644,410.1,3
02-25-2026,Clip6,02-25-2026-Clip6,saxophone,initiation,trombone,1:34.804,410.1,3
02-25-2026,Clip6,02-25-2026-Clip6,saxophone,agreement,saxophone,1:36.424,410.1,3
02-25-2026,Clip6,02-25-2026-Clip6,saxophone,initiation,trombone,2:10.379,410.1,3
02-25-2026,Clip6,02-25-2026-Clip6,saxophone,agreement,saxophone,2:12.119,410.1,3
02-25-2026,Clip6,02-25-2026-Clip6,saxophone,initiation,saxophone,3:28.117,410.1,3
02-25-2026,Clip6,02-25-2026-Clip6,saxophone,agreement,trombone,3:29.770,410.1,3
02-25-2026,Clip6,02-25-2026-Clip6,saxophone,initiation,trombone,3:52.252,410.1,3
02-25-2026,Clip6,02-25-2026-Clip6,saxophone,agreement,saxophone,3:54.804,410.1,3
02-25-2026,Clip6,02-25-2026-Clip6,saxophone,initiation,trombone,4:47.417,410.1,3
02-25-2026,Clip6,02-25-2026-Clip6,saxophone,agreement,saxophone,4:48.445,410.1,3
02-25-2026,Clip6,02-25-2026-Clip6,saxophone,initiation,trombone,5:32.807,410.1,3
02-25-2026,Clip6,02-25-2026-Clip6,saxophone,agreement,saxophone,5:34.137,410.1,3
02-25-2026,Clip6,02-25-2026-Clip6,saxophone,initiation,trombone,6:07.101,410.1,3
02-25-2026,Clip6,02-25-2026-Clip6,saxophone,agreement,saxophone,6:09.229,410.1,3
02-25-2026,Clip6,02-25-2026-Clip6,trombone,initiation,trombone,0:01.500,410.1,2
02-25-2026,Clip6,02-25-2026-Clip6,trombone,agreement,saxophone,0:08.000,410.1,2
02-25-2026,Clip6,02-25-2026-Clip6,trombone,initiation,saxophone,0:17.000,410.1,2
02-25-2026,Clip6,02-25-2026-Clip6,trombone,agreement,trombone,0:18.126,410.1,2
02-25-2026,Clip6,02-25-2026-Clip6,trombone,initiation,saxophone,0:56.024,410.1,2
02-25-2026,Clip6,02-25-2026-Clip6,trombone,agreement,trombone,0:58.868,410.1,2
02-25-2026,Clip6,02-25-2026-Clip6,trombone,initiation,trombone,1:06.369,410.1,2
02-25-2026,Clip6,02-25-2026-Clip6,trombone,initiation,saxophone,1:06.788,410.1,2
02-25-2026,Clip6,02-25-2026-Clip6,trombone,initiation,saxophone,1:10.887,410.1,2
02-25-2026,Clip6,02-25-2026-Clip6,trombone,agreement,trombone,1:12.337,410.1,2
02-25-2026,Clip6,02-25-2026-Clip6,trombone,initiation,trombone,3:59.879,410.1,2
02-25-2026,Clip6,02-25-2026-Clip6,trombone,agreement,saxophone,4:01.636,410.1,2
02-25-2026,Clip6,02-25-2026-Clip6,trombone,initiation,trombone,5:49.641,410.1,2
02-25-2026,Clip6,02-25-2026-Clip6,trombone,agreement,saxophone,5:51.955,410.1,2
02-25-2026,Clip6,02-25-2026-Clip6,trombone,initiation,trombone,6:39.809,410.1,2
02-25-2026,Clip6,02-25-2026-Clip6,trombone,agreement,saxophone,6:47.059,410.1,2
02-25-2026,Clip7,02-25-2026-Clip7,saxophone,initiation,trombone,0:00.288,442.65,3
02-25-2026,Clip7,02-25-2026-Clip7,saxophone,agreement,saxophone,0:03.496,442.65,3
02-25-2026,Clip7,02-25-2026-Clip7,saxophone,initiation,saxophone,0:30.789,442.65,3
02-25-2026,Clip7,02-25-2026-Clip7,saxophone,initiation,trombone,0:55.012,442.65,3
02-25-2026,Clip7,02-25-2026-Clip7,saxophone,agreement,saxophone,0:55.949,442.65,3
02-25-2026,Clip7,02-25-2026-Clip7,saxophone,initiation,trombone,1:03.296,442.65,3
02-25-2026,Clip7,02-25-2026-Clip7,saxophone,agreement,saxophone,1:04.210,442.65,3
02-25-2026,Clip7,02-25-2026-Clip7,saxophone,initiation,trombone,1:45.839,442.65,3
02-25-2026,Clip7,02-25-2026-Clip7,saxophone,agreement,saxophone,1:46.834,442.65,3
02-25-2026,Clip7,02-25-2026-Clip7,saxophone,initiation,trombone,2:22.920,442.65,3
02-25-2026,Clip7,02-25-2026-Clip7,saxophone,agreement,saxophone,2:27.708,442.65,3
02-25-2026,Clip7,02-25-2026-Clip7,saxophone,initiation,saxophone,3:04.880,442.65,3
02-25-2026,Clip7,02-25-2026-Clip7,saxophone,initiation,trombone,3:08.039,442.65,3
02-25-2026,Clip7,02-25-2026-Clip7,saxophone,agreement,saxophone,3:10.310,442.65,3
02-25-2026,Clip7,02-25-2026-Clip7,saxophone,initiation,saxophone,4:06.983,442.65,3
02-25-2026,Clip7,02-25-2026-Clip7,saxophone,agreement,trombone,4:11.319,442.65,3
02-25-2026,Clip7,02-25-2026-Clip7,saxophone,initiation,trombone,4:29.772,442.65,3
02-25-2026,Clip7,02-25-2026-Clip7,saxophone,agreement,saxophone,4:30.363,442.65,3
02-25-2026,Clip7,02-25-2026-Clip7,saxophone,initiation,trombone,6:11.461,442.65,3
02-25-2026,Clip7,02-25-2026-Clip7,saxophone,agreement,saxophone,6:13.737,442.65,3
02-25-2026,Clip7,02-25-2026-Clip7,saxophone,initiation,trombone,6:21.869,442.65,3
02-25-2026,Clip7,02-25-2026-Clip7,saxophone,agreement,saxophone,6:23.550,442.65,3
02-25-2026,Clip7,02-25-2026-Clip7,saxophone,initiation,saxophone,6:38.542,442.65,3
02-25-2026,Clip7,02-25-2026-Clip7,saxophone,initiation,trombone,6:39.406,442.65,3
02-25-2026,Clip7,02-25-2026-Clip7,saxophone,initiation,saxophone,6:44.936,442.65,3
02-25-2026,Clip7,02-25-2026-Clip7,saxophone,agreement,trombone,6:46.250,442.65,3
02-25-2026,Clip7,02-25-2026-Clip7,saxophone,initiation,trombone,6:57.753,442.65,3
02-25-2026,Clip7,02-25-2026-Clip7,saxophone,agreement,saxophone,6:58.866,442.65,3
02-25-2026,Clip7,02-25-2026-Clip7,trombone,initiation,trombone,0:00.250,442.65,2
02-25-2026,Clip7,02-25-2026-Clip7,trombone,agreement,saxophone,0:03.374,442.65,2
02-25-2026,Clip7,02-25-2026-Clip7,trombone,initiation,saxophone,2:15.978,442.65,2
02-25-2026,Clip7,02-25-2026-Clip7,trombone,initiation,trombone,3:07.987,442.65,2
02-25-2026,Clip7,02-25-2026-Clip7,trombone,agreement,saxophone,3:10.337,442.65,2
02-25-2026,Clip7,02-25-2026-Clip7,trombone,initiation,trombone,3:40.906,442.65,2
02-25-2026,Clip7,02-25-2026-Clip7,trombone,agreement,saxophone,3:42.351,442.65,2
02-25-2026,Clip7,02-25-2026-Clip7,trombone,initiation,saxophone,4:30.709,442.65,2
02-25-2026,Clip7,02-25-2026-Clip7,trombone,agreement,trombone,4:34.833,442.65,2
02-25-2026,Clip7,02-25-2026-Clip7,trombone,initiation,trombone,5:09.427,442.65,2
02-25-2026,Clip7,02-25-2026-Clip7,trombone,agreement,saxophone,5:17.149,442.65,2
02-25-2026,Clip8,02-25-2026-Clip8,saxophone,initiation,trombone,0:00.732,259.53333333333336,3
02-25-2026,Clip8,02-25-2026-Clip8,saxophone,agreement,saxophone,0:01.360,259.53333333333336,3
02-25-2026,Clip8,02-25-2026-Clip8,saxophone,initiation,trombone,0:32.061,259.53333333333336,3
02-25-2026,Clip8,02-25-2026-Clip8,saxophone,agreement,saxophone,0:34.191,259.53333333333336,3
02-25-2026,Clip8,02-25-2026-Clip8,saxophone,initiation,trombone,1:03.965,259.53333333333336,3
02-25-2026,Clip8,02-25-2026-Clip8,saxophone,agreement,saxophone,1:05.377,259.53333333333336,3
02-25-2026,Clip8,02-25-2026-Clip8,saxophone,initiation,trombone,1:27.102,259.53333333333336,3
02-25-2026,Clip8,02-25-2026-Clip8,saxophone,agreement,saxophone,1:29.257,259.53333333333336,3
02-25-2026,Clip8,02-25-2026-Clip8,saxophone,initiation,saxophone,1:39.039,259.53333333333336,3
02-25-2026,Clip8,02-25-2026-Clip8,saxophone,agreement,trombone,1:41.274,259.53333333333336,3
02-25-2026,Clip8,02-25-2026-Clip8,saxophone,initiation,saxophone,2:18.911,259.53333333333336,3
02-25-2026,Clip8,02-25-2026-Clip8,saxophone,agreement,trombone,2:20.832,259.53333333333336,3
02-25-2026,Clip8,02-25-2026-Clip8,saxophone,initiation,saxophone,2:36.637,259.53333333333336,3
02-25-2026,Clip8,02-25-2026-Clip8,saxophone,initiation,trombone,2:37.988,259.53333333333336,3
02-25-2026,Clip8,02-25-2026-Clip8,saxophone,agreement,saxophone,2:39.250,259.53333333333336,3
02-25-2026,Clip8,02-25-2026-Clip8,saxophone,initiation,trombone,3:16.820,259.53333333333336,3
02-25-2026,Clip8,02-25-2026-Clip8,saxophone,agreement,saxophone,3:18.102,259.53333333333336,3
02-25-2026,Clip8,02-25-2026-Clip8,trombone,initiation,trombone,0:00.641,259.53333333333336,2
02-25-2026,Clip8,02-25-2026-Clip8,trombone,initiation,saxophone,0:01.366,259.53333333333336,2
02-25-2026,Clip8,02-25-2026-Clip8,trombone,initiation,trombone,0:04.155,259.53333333333336,2
02-25-2026,Clip8,02-25-2026-Clip8,trombone,agreement,saxophone,0:05.103,259.53333333333336,2
02-25-2026,Clip8,02-25-2026-Clip8,trombone,initiation,trombone,0:08.170,259.53333333333336,2
02-25-2026,Clip8,02-25-2026-Clip8,trombone,agreement,saxophone,0:14.751,259.53333333333336,2
02-25-2026,Clip8,02-25-2026-Clip8,trombone,initiation,trombone,1:03.860,259.53333333333336,2
02-25-2026,Clip8,02-25-2026-Clip8,trombone,agreement,saxophone,1:05.366,259.53333333333336,2
02-25-2026,Clip8,02-25-2026-Clip8,trombone,initiation,saxophone,2:18.847,259.53333333333336,2
02-25-2026,Clip8,02-25-2026-Clip8,trombone,agreement,trombone,2:20.826,259.53333333333336,2
02-25-2026,Clip8,02-25-2026-Clip8,trombone,initiation,saxophone,2:39.176,259.53333333333336,2
02-25-2026,Clip8,02-25-2026-Clip8,trombone,agreement,trombone,2:39.873,259.53333333333336,2
02-25-2026,Clip8,02-25-2026-Clip8,trombone,initiation,trombone,3:16.739,259.53333333333336,2
02-25-2026,Clip8,02-25-2026-Clip8,trombone,agreement,saxophone,3:18.105,259.53333333333336,2
03-24-2026,Clip1,03-24-2026-Clip1,guitar,initiation,trombone,0:01.895,564.7333333333333,1
03-24-2026,Clip1,03-24-2026-Clip1,guitar,agreement,guitar,0:22.500,564.7333333333333,1
03-24-2026,Clip1,03-24-2026-Clip1,guitar,initiation,guitar,2:05.095,564.7333333333333,1
03-24-2026,Clip1,03-24-2026-Clip1,guitar,agreement,trombone,2:07.630,564.7333333333333,1
03-24-2026,Clip1,03-24-2026-Clip1,guitar,initiation,trombone,2:35.500,564.7333333333333,1
03-24-2026,Clip1,03-24-2026-Clip1,guitar,agreement,guitar,2:36.675,564.7333333333333,1
03-24-2026,Clip1,03-24-2026-Clip1,guitar,initiation,guitar,4:07.685,564.7333333333333,1
03-24-2026,Clip1,03-24-2026-Clip1,guitar,agreement,trombone,4:11.805,564.7333333333333,1
03-24-2026,Clip1,03-24-2026-Clip1,guitar,initiation,guitar,4:40.540,564.7333333333333,1
03-24-2026,Clip1,03-24-2026-Clip1,guitar,agreement,trombone,4:44.880,564.7333333333333,1
03-24-2026,Clip1,03-24-2026-Clip1,guitar,initiation,guitar,6:52.570,564.7333333333333,1
03-24-2026,Clip1,03-24-2026-Clip1,guitar,agreement,trombone,7:07.815,564.7333333333333,1
03-24-2026,Clip1,03-24-2026-Clip1,guitar,initiation,trombone,7:45.995,564.7333333333333,1
03-24-2026,Clip1,03-24-2026-Clip1,guitar,agreement,guitar,7:58.135,564.7333333333333,1
03-24-2026,Clip1,03-24-2026-Clip1,guitar,initiation,guitar,8:15.195,564.7333333333333,1
03-24-2026,Clip1,03-24-2026-Clip1,guitar,agreement,trombone,8:19.015,564.7333333333333,1
03-24-2026,Clip1,03-24-2026-Clip1,guitar,initiation,trombone,8:53.735,564.7333333333333,1
03-24-2026,Clip1,03-24-2026-Clip1,guitar,initiation,guitar,9:07.355,564.7333333333333,1
03-24-2026,Clip1,03-24-2026-Clip1,trombone,initiation,trombone,0:01.000,564.7333333333333,4
03-24-2026,Clip1,03-24-2026-Clip1,trombone,agreement,guitar,0:22.000,564.7333333333333,4
03-24-2026,Clip1,03-24-2026-Clip1,trombone,initiation,guitar,2:20.500,564.7333333333333,4
03-24-2026,Clip1,03-24-2026-Clip1,trombone,agreement,trombone,2:22.500,564.7333333333333,4
03-24-2026,Clip1,03-24-2026-Clip1,trombone,initiation,guitar,3:36.763,564.7333333333333,4
03-24-2026,Clip1,03-24-2026-Clip1,trombone,agreement,trombone,3:40.007,564.7333333333333,4
03-24-2026,Clip1,03-24-2026-Clip1,trombone,initiation,guitar,4:25.554,564.7333333333333,4
03-24-2026,Clip1,03-24-2026-Clip1,trombone,agreement,trombone,4:28.011,564.7333333333333,4
03-24-2026,Clip1,03-24-2026-Clip1,trombone,initiation,trombone,4:39.152,564.7333333333333,4
03-24-2026,Clip1,03-24-2026-Clip1,trombone,agreement,guitar,4:40.453,564.7333333333333,4
03-24-2026,Clip1,03-24-2026-Clip1,trombone,initiation,guitar,6:05.184,564.7333333333333,4
03-24-2026,Clip1,03-24-2026-Clip1,trombone,agreement,trombone,6:05.571,564.7333333333333,4
03-24-2026,Clip1,03-24-2026-Clip1,trombone,initiation,trombone,6:36.234,564.7333333333333,4
03-24-2026,Clip1,03-24-2026-Clip1,trombone,agreement,guitar,6:40.989,564.7333333333333,4
03-24-2026,Clip1,03-24-2026-Clip1,trombone,initiation,guitar,6:52.507,564.7333333333333,4
03-24-2026,Clip1,03-24-2026-Clip1,trombone,agreement,trombone,6:54.561,564.7333333333333,4
03-24-2026,Clip1,03-24-2026-Clip1,trombone,initiation,guitar,7:26.561,564.7333333333333,4
03-24-2026,Clip1,03-24-2026-Clip1,trombone,agreement,trombone,7:28.327,564.7333333333333,4
03-24-2026,Clip1,03-24-2026-Clip1,trombone,initiation,guitar,8:15.000,564.7333333333333,4
03-24-2026,Clip1,03-24-2026-Clip1,trombone,agreement,trombone,8:18.959,564.7333333333333,4
03-24-2026,Clip1,03-24-2026-Clip1,trombone,initiation,trombone,8:53.386,564.7333333333333,4
03-24-2026,Clip1,03-24-2026-Clip1,trombone,agreement,guitar,9:07.142,564.7333333333333,4
03-24-2026,Clip2,03-24-2026-Clip2,guitar,initiation,trombone,0:01.895,1119.9333333333334,1
03-24-2026,Clip2,03-24-2026-Clip2,guitar,agreement,guitar,0:22.500,1119.9333333333334,1
03-24-2026,Clip2,03-24-2026-Clip2,guitar,initiation,guitar,2:05.095,1119.9333333333334,1
03-24-2026,Clip2,03-24-2026-Clip2,guitar,agreement,trombone,2:07.630,1119.9333333333334,1
03-24-2026,Clip2,03-24-2026-Clip2,guitar,initiation,trombone,2:35.500,1119.9333333333334,1
03-24-2026,Clip2,03-24-2026-Clip2,guitar,agreement,guitar,2:36.675,1119.9333333333334,1
03-24-2026,Clip2,03-24-2026-Clip2,guitar,initiation,guitar,4:07.685,1119.9333333333334,1
03-24-2026,Clip2,03-24-2026-Clip2,guitar,agreement,trombone,4:11.805,1119.9333333333334,1
03-24-2026,Clip2,03-24-2026-Clip2,guitar,initiation,guitar,4:40.540,1119.9333333333334,1
03-24-2026,Clip2,03-24-2026-Clip2,guitar,agreement,trombone,4:44.880,1119.9333333333334,1
03-24-2026,Clip2,03-24-2026-Clip2,guitar,initiation,guitar,6:52.570,1119.9333333333334,1
03-24-2026,Clip2,03-24-2026-Clip2,guitar,agreement,trombone,7:07.815,1119.9333333333334,1
03-24-2026,Clip2,03-24-2026-Clip2,guitar,initiation,trombone,7:45.995,1119.9333333333334,1
03-24-2026,Clip2,03-24-2026-Clip2,guitar,agreement,guitar,7:58.135,1119.9333333333334,1
03-24-2026,Clip2,03-24-2026-Clip2,guitar,initiation,guitar,8:15.195,1119.9333333333334,1
03-24-2026,Clip2,03-24-2026-Clip2,guitar,agreement,trombone,8:19.015,1119.9333333333334,1
03-24-2026,Clip2,03-24-2026-Clip2,guitar,initiation,trombone,8:53.735,1119.9333333333334,1
03-24-2026,Clip2,03-24-2026-Clip2,guitar,initiation,guitar,9:07.355,1119.9333333333334,1
03-24-2026,Clip2,03-24-2026-Clip2,guitar,agreement,trombone,9:09.190,1119.9333333333334,1
03-24-2026,Clip2,03-24-2026-Clip2,guitar,initiation,guitar,10:02.494,1119.9333333333334,1
03-24-2026,Clip2,03-24-2026-Clip2,guitar,agreement,trombone,10:04.450,1119.9333333333334,1
03-24-2026,Clip2,03-24-2026-Clip2,guitar,initiation,trombone,10:46.667,1119.9333333333334,1
03-24-2026,Clip2,03-24-2026-Clip2,guitar,agreement,guitar,10:49.999,1119.9333333333334,1
03-24-2026,Clip2,03-24-2026-Clip2,guitar,initiation,guitar,13:22.212,1119.9333333333334,1
03-24-2026,Clip2,03-24-2026-Clip2,guitar,agreement,trombone,13:47.478,1119.9333333333334,1
03-24-2026,Clip2,03-24-2026-Clip2,trombone,initiation,trombone,0:01.500,1119.9333333333334,4
03-24-2026,Clip2,03-24-2026-Clip2,trombone,agreement,guitar,0:09.500,1119.9333333333334,4
03-24-2026,Clip2,03-24-2026-Clip2,trombone,initiation,guitar,0:21.238,1119.9333333333334,4
03-24-2026,Clip2,03-24-2026-Clip2,trombone,agreement,trombone,0:27.801,1119.9333333333334,4
03-24-2026,Clip2,03-24-2026-Clip2,trombone,initiation,trombone,2:03.324,1119.9333333333334,4
03-24-2026,Clip2,03-24-2026-Clip2,trombone,agreement,guitar,2:07.019,1119.9333333333334,4
03-24-2026,Clip2,03-24-2026-Clip2,trombone,initiation,guitar,2:37.175,1119.9333333333334,4
03-24-2026,Clip2,03-24-2026-Clip2,trombone,agreement,trombone,2:39.885,1119.9333333333334,4
03-24-2026,Clip2,03-24-2026-Clip2,trombone,initiation,trombone,3:47.001,1119.9333333333334,4
03-24-2026,Clip2,03-24-2026-Clip2,trombone,agreement,guitar,3:52.410,1119.9333333333334,4
03-24-2026,Clip2,03-24-2026-Clip2,trombone,initiation,guitar,4:58.357,1119.9333333333334,4
03-24-2026,Clip2,03-24-2026-Clip2,trombone,agreement,trombone,5:00.397,1119.9333333333334,4
03-24-2026,Clip2,03-24-2026-Clip2,trombone,initiation,guitar,6:09.526,1119.9333333333334,4
03-24-2026,Clip2,03-24-2026-Clip2,trombone,agreement,trombone,6:16.719,1119.9333333333334,4
03-24-2026,Clip2,03-24-2026-Clip2,trombone,initiation,guitar,6:40.359,1119.9333333333334,4
03-24-2026,Clip2,03-24-2026-Clip2,trombone,agreement,trombone,6:45.582,1119.9333333333334,4
03-24-2026,Clip2,03-24-2026-Clip2,trombone,initiation,guitar,7:26.782,1119.9333333333334,4
03-24-2026,Clip2,03-24-2026-Clip2,trombone,agreement,trombone,7:29.305,1119.9333333333334,4
03-24-2026,Clip2,03-24-2026-Clip2,trombone,initiation,guitar,9:14.986,1119.9333333333334,4
03-24-2026,Clip2,03-24-2026-Clip2,trombone,agreement,trombone,9:19.072,1119.9333333333334,4
03-24-2026,Clip2,03-24-2026-Clip2,trombone,initiation,guitar,9:31.328,1119.9333333333334,4
03-24-2026,Clip2,03-24-2026-Clip2,trombone,agreement,trombone,9:37.075,1119.9333333333334,4
03-24-2026,Clip2,03-24-2026-Clip2,trombone,initiation,trombone,9:53.193,1119.9333333333334,4
03-24-2026,Clip2,03-24-2026-Clip2,trombone,agreement,guitar,9:55.478,1119.9333333333334,4
03-24-2026,Clip2,03-24-2026-Clip2,trombone,initiation,guitar,10:58.019,1119.9333333333334,4
03-24-2026,Clip2,03-24-2026-Clip2,trombone,agreement,trombone,11:06.538,1119.9333333333334,4
03-24-2026,Clip2,03-24-2026-Clip2,trombone,initiation,guitar,13:21.220,1119.9333333333334,4
03-24-2026,Clip2,03-24-2026-Clip2,trombone,initiation,guitar,13:44.826,1119.9333333333334,4
03-24-2026,Clip2,03-24-2026-Clip2,trombone,agreement,trombone,13:47.461,1119.9333333333334,4
03-24-2026,Clip2,03-24-2026-Clip2,trombone,initiation,guitar,16:47.495,1119.9333333333334,4
03-24-2026,Clip2,03-24-2026-Clip2,trombone,agreement,trombone,16:54.101,1119.9333333333334,4
03-24-2026,Clip2,03-24-2026-Clip2,trombone,initiation,guitar,17:05.084,1119.9333333333334,4
03-24-2026,Clip2,03-24-2026-Clip2,trombone,agreement,trombone,17:08.715,1119.9333333333334,4
03-24-2026,Clip2,03-24-2026-Clip2,trombone,initiation,trombone,18:07.532,1119.9333333333334,4
03-24-2026,Clip2,03-24-2026-Clip2,trombone,agreement,guitar,18:09.159,1119.9333333333334,4
03-24-2026,Clip3,03-24-2026-Clip3,guitar,initiation,trombone,0:00.510,499.3833333333333,1
03-24-2026,Clip3,03-24-2026-Clip3,guitar,agreement,guitar,0:03.095,499.3833333333333,1
03-24-2026,Clip3,03-24-2026-Clip3,guitar,initiation,guitar,0:45.465,499.3833333333333,1
03-24-2026,Clip3,03-24-2026-Clip3,guitar,agreement,trombone,0:47.250,499.3833333333333,1
03-24-2026,Clip3,03-24-2026-Clip3,guitar,initiation,trombone,1:22.895,499.3833333333333,1
03-24-2026,Clip3,03-24-2026-Clip3,guitar,agreement,guitar,1:24.625,499.3833333333333,1
03-24-2026,Clip3,03-24-2026-Clip3,guitar,initiation,trombone,2:02.680,499.3833333333333,1
03-24-2026,Clip3,03-24-2026-Clip3,guitar,agreement,guitar,2:05.620,499.3833333333333,1
03-24-2026,Clip3,03-24-2026-Clip3,guitar,initiation,guitar,2:28.090,499.3833333333333,1
03-24-2026,Clip3,03-24-2026-Clip3,guitar,initiation,trombone,2:31.655,499.3833333333333,1
03-24-2026,Clip3,03-24-2026-Clip3,guitar,agreement,guitar,2:42.705,499.3833333333333,1
03-24-2026,Clip3,03-24-2026-Clip3,guitar,initiation,trombone,4:02.495,499.3833333333333,1
03-24-2026,Clip3,03-24-2026-Clip3,guitar,agreement,guitar,4:03.480,499.3833333333333,1
03-24-2026,Clip3,03-24-2026-Clip3,guitar,initiation,guitar,5:00.940,499.3833333333333,1
03-24-2026,Clip3,03-24-2026-Clip3,guitar,agreement,trombone,5:02.220,499.3833333333333,1
03-24-2026,Clip3,03-24-2026-Clip3,guitar,initiation,guitar,5:13.235,499.3833333333333,1
03-24-2026,Clip3,03-24-2026-Clip3,guitar,agreement,trombone,5:14.945,499.3833333333333,1
03-24-2026,Clip3,03-24-2026-Clip3,guitar,initiation,trombone,6:06.560,499.3833333333333,1
03-24-2026,Clip3,03-24-2026-Clip3,guitar,agreement,guitar,6:09.135,499.3833333333333,1
03-24-2026,Clip3,03-24-2026-Clip3,guitar,initiation,trombone,6:42.785,499.3833333333333,1
03-24-2026,Clip3,03-24-2026-Clip3,guitar,agreement,guitar,6:50.105,499.3833333333333,1
03-24-2026,Clip3,03-24-2026-Clip3,trombone,initiation,trombone,0:00.346,499.3833333333333,4
03-24-2026,Clip3,03-24-2026-Clip3,trombone,agreement,guitar,0:03.061,499.3833333333333,4
03-24-2026,Clip3,03-24-2026-Clip3,trombone,initiation,guitar,1:20.270,499.3833333333333,4
03-24-2026,Clip3,03-24-2026-Clip3,trombone,agreement,trombone,1:22.807,499.3833333333333,4
03-24-2026,Clip3,03-24-2026-Clip3,trombone,initiation,guitar,2:00.755,499.3833333333333,4
03-24-2026,Clip3,03-24-2026-Clip3,trombone,agreement,trombone,2:02.564,499.3833333333333,4
03-24-2026,Clip3,03-24-2026-Clip3,trombone,initiation,guitar,3:48.445,499.3833333333333,4
03-24-2026,Clip3,03-24-2026-Clip3,trombone,initiation,trombone,3:49.233,499.3833333333333,4
03-24-2026,Clip3,03-24-2026-Clip3,trombone,initiation,trombone,3:51.799,499.3833333333333,4
03-24-2026,Clip3,03-24-2026-Clip3,trombone,initiation,trombone,3:57.320,499.3833333333333,4
03-24-2026,Clip3,03-24-2026-Clip3,trombone,agreement,guitar,3:59.799,499.3833333333333,4
03-24-2026,Clip3,03-24-2026-Clip3,trombone,initiation,guitar,4:23.804,499.3833333333333,4
03-24-2026,Clip3,03-24-2026-Clip3,trombone,agreement,trombone,4:24.268,499.3833333333333,4
03-24-2026,Clip3,03-24-2026-Clip3,trombone,initiation,guitar,5:00.875,499.3833333333333,4
03-24-2026,Clip3,03-24-2026-Clip3,trombone,agreement,trombone,5:02.124,499.3833333333333,4
03-24-2026,Clip3,03-24-2026-Clip3,trombone,initiation,trombone,6:04.765,499.3833333333333,4
03-24-2026,Clip3,03-24-2026-Clip3,trombone,agreement,guitar,6:06.535,499.3833333333333,4
03-24-2026,Clip3,03-24-2026-Clip3,trombone,initiation,guitar,6:35.800,499.3833333333333,4
03-24-2026,Clip3,03-24-2026-Clip3,trombone,agreement,trombone,6:38.609,499.3833333333333,4
03-24-2026,Clip3,03-24-2026-Clip3,trombone,initiation,guitar,8:00.376,499.3833333333333,4
03-24-2026,Clip3,03-24-2026-Clip3,trombone,agreement,trombone,8:06.198,499.3833333333333,4
03-24-2026,Clip4,03-24-2026-Clip4,guitar,initiation,guitar,0:00.325,811.4,1
03-24-2026,Clip4,03-24-2026-Clip4,guitar,agreement,trombone,0:22.810,811.4,1
03-24-2026,Clip4,03-24-2026-Clip4,guitar,initiation,trombone,2:17.205,811.4,1
03-24-2026,Clip4,03-24-2026-Clip4,guitar,agreement,guitar,2:18.215,811.4,1
03-24-2026,Clip4,03-24-2026-Clip4,guitar,initiation,trombone,2:47.515,811.4,1
03-24-2026,Clip4,03-24-2026-Clip4,guitar,agreement,guitar,2:48.795,811.4,1
03-24-2026,Clip4,03-24-2026-Clip4,guitar,initiation,guitar,5:43.870,811.4,1
03-24-2026,Clip4,03-24-2026-Clip4,guitar,agreement,trombone,5:48.895,811.4,1
03-24-2026,Clip4,03-24-2026-Clip4,guitar,initiation,trombone,6:33.490,811.4,1
03-24-2026,Clip4,03-24-2026-Clip4,guitar,agreement,guitar,6:56.815,811.4,1
03-24-2026,Clip4,03-24-2026-Clip4,guitar,initiation,guitar,8:52.455,811.4,1
03-24-2026,Clip4,03-24-2026-Clip4,guitar,agreement,trombone,8:58.780,811.4,1
03-24-2026,Clip4,03-24-2026-Clip4,guitar,initiation,guitar,10:32.935,811.4,1
03-24-2026,Clip4,03-24-2026-Clip4,guitar,agreement,trombone,10:58.225,811.4,1
03-24-2026,Clip4,03-24-2026-Clip4,guitar,initiation,trombone,12:12.445,811.4,1
03-24-2026,Clip4,03-24-2026-Clip4,guitar,initiation,guitar,12:19.445,811.4,1
03-24-2026,Clip4,03-24-2026-Clip4,guitar,initiation,trombone,13:13.150,811.4,1
03-24-2026,Clip4,03-24-2026-Clip4,guitar,agreement,guitar,13:14.980,811.4,1
03-24-2026,Clip4,03-24-2026-Clip4,trombone,initiation,guitar,0:00.000,811.4,4
03-24-2026,Clip4,03-24-2026-Clip4,trombone,agreement,trombone,0:22.718,811.4,4
03-24-2026,Clip4,03-24-2026-Clip4,trombone,initiation,guitar,1:05.923,811.4,4
03-24-2026,Clip4,03-24-2026-Clip4,trombone,agreement,trombone,1:11.128,811.4,4
03-24-2026,Clip4,03-24-2026-Clip4,trombone,initiation,trombone,2:16.923,811.4,4
03-24-2026,Clip4,03-24-2026-Clip4,trombone,agreement,guitar,2:18.023,811.4,4
03-24-2026,Clip4,03-24-2026-Clip4,trombone,initiation,trombone,3:22.864,811.4,4
03-24-2026,Clip4,03-24-2026-Clip4,trombone,agreement,guitar,3:24.945,811.4,4
03-24-2026,Clip4,03-24-2026-Clip4,trombone,initiation,guitar,4:07.947,811.4,4
03-24-2026,Clip4,03-24-2026-Clip4,trombone,agreement,trombone,4:10.522,811.4,4
03-24-2026,Clip4,03-24-2026-Clip4,trombone,initiation,guitar,5:43.807,811.4,4
03-24-2026,Clip4,03-24-2026-Clip4,trombone,agreement,trombone,5:48.937,811.4,4
03-24-2026,Clip4,03-24-2026-Clip4,trombone,initiation,trombone,6:56.500,811.4,4
03-24-2026,Clip4,03-24-2026-Clip4,trombone,agreement,guitar,6:59.970,811.4,4
03-24-2026,Clip4,03-24-2026-Clip4,trombone,initiation,trombone,8:21.011,811.4,4
03-24-2026,Clip4,03-24-2026-Clip4,trombone,agreement,guitar,8:25.919,811.4,4
03-24-2026,Clip4,03-24-2026-Clip4,trombone,initiation,guitar,8:52.363,811.4,4
03-24-2026,Clip4,03-24-2026-Clip4,trombone,agreement,trombone,8:58.746,811.4,4
03-24-2026,Clip4,03-24-2026-Clip4,trombone,initiation,guitar,10:53.803,811.4,4
03-24-2026,Clip4,03-24-2026-Clip4,trombone,agreement,trombone,10:58.138,811.4,4
03-24-2026,Clip4,03-24-2026-Clip4,trombone,initiation,trombone,12:12.408,811.4,4
03-24-2026,Clip4,03-24-2026-Clip4,trombone,agreement,guitar,12:19.312,811.4,4
03-24-2026,Clip4,03-24-2026-Clip4,trombone,initiation,trombone,13:12.971,811.4,4
03-24-2026,Clip4,03-24-2026-Clip4,trombone,agreement,guitar,13:14.738,811.4,4
03-24-2026,Clip5,03-24-2026-Clip5,guitar,initiation,trombone,0:00.795,676.3333333333334,1
03-24-2026,Clip5,03-24-2026-Clip5,guitar,agreement,guitar,0:10.260,676.3333333333334,1
03-24-2026,Clip5,03-24-2026-Clip5,guitar,initiation,guitar,0:43.760,676.3333333333334,1
03-24-2026,Clip5,03-24-2026-Clip5,guitar,agreement,trombone,0:45.850,676.3333333333334,1
03-24-2026,Clip5,03-24-2026-Clip5,guitar,initiation,guitar,1:07.445,676.3333333333334,1
03-24-2026,Clip5,03-24-2026-Clip5,guitar,agreement,trombone,1:14.795,676.3333333333334,1
03-24-2026,Clip5,03-24-2026-Clip5,guitar,initiation,trombone,1:20.385,676.3333333333334,1
03-24-2026,Clip5,03-24-2026-Clip5,guitar,agreement,guitar,1:22.735,676.3333333333334,1
03-24-2026,Clip5,03-24-2026-Clip5,guitar,initiation,guitar,1:49.685,676.3333333333334,1
03-24-2026,Clip5,03-24-2026-Clip5,guitar,initiation,trombone,2:15.705,676.3333333333334,1
03-24-2026,Clip5,03-24-2026-Clip5,guitar,initiation,guitar,2:24.265,676.3333333333334,1
03-24-2026,Clip5,03-24-2026-Clip5,guitar,agreement,trombone,2:26.030,676.3333333333334,1
03-24-2026,Clip5,03-24-2026-Clip5,guitar,initiation,trombone,2:44.755,676.3333333333334,1
03-24-2026,Clip5,03-24-2026-Clip5,guitar,agreement,guitar,2:45.845,676.3333333333334,1
03-24-2026,Clip5,03-24-2026-Clip5,guitar,initiation,trombone,2:59.400,676.3333333333334,1
03-24-2026,Clip5,03-24-2026-Clip5,guitar,agreement,guitar,3:04.730,676.3333333333334,1
03-24-2026,Clip5,03-24-2026-Clip5,guitar,initiation,guitar,6:15.515,676.3333333333334,1
03-24-2026,Clip5,03-24-2026-Clip5,guitar,agreement,trombone,6:16.980,676.3333333333334,1
03-24-2026,Clip5,03-24-2026-Clip5,guitar,initiation,guitar,6:45.405,676.3333333333334,1
03-24-2026,Clip5,03-24-2026-Clip5,guitar,agreement,trombone,6:47.910,676.3333333333334,1
03-24-2026,Clip5,03-24-2026-Clip5,guitar,initiation,guitar,8:32.760,676.3333333333334,1
03-24-2026,Clip5,03-24-2026-Clip5,guitar,agreement,trombone,8:40.585,676.3333333333334,1
03-24-2026,Clip5,03-24-2026-Clip5,guitar,initiation,guitar,9:02.335,676.3333333333334,1
03-24-2026,Clip5,03-24-2026-Clip5,guitar,initiation,guitar,9:10.460,676.3333333333334,1
03-24-2026,Clip5,03-24-2026-Clip5,guitar,agreement,trombone,9:12.565,676.3333333333334,1
03-24-2026,Clip5,03-24-2026-Clip5,guitar,initiation,guitar,9:47.915,676.3333333333334,1
03-24-2026,Clip5,03-24-2026-Clip5,guitar,agreement,trombone,9:52.100,676.3333333333334,1
03-24-2026,Clip5,03-24-2026-Clip5,guitar,initiation,guitar,10:36.635,676.3333333333334,1
03-24-2026,Clip5,03-24-2026-Clip5,guitar,agreement,trombone,10:38.805,676.3333333333334,1
03-24-2026,Clip5,03-24-2026-Clip5,trombone,initiation,trombone,0:00.500,676.3333333333334,4
03-24-2026,Clip5,03-24-2026-Clip5,trombone,agreement,guitar,0:10.116,676.3333333333334,4
03-24-2026,Clip5,03-24-2026-Clip5,trombone,initiation,guitar,1:06.943,676.3333333333334,4
03-24-2026,Clip5,03-24-2026-Clip5,trombone,agreement,trombone,1:14.586,676.3333333333334,4
03-24-2026,Clip5,03-24-2026-Clip5,trombone,initiation,guitar,1:49.531,676.3333333333334,4
03-24-2026,Clip5,03-24-2026-Clip5,trombone,agreement,trombone,1:49.654,676.3333333333334,4
03-24-2026,Clip5,03-24-2026-Clip5,trombone,initiation,guitar,2:24.199,676.3333333333334,4
03-24-2026,Clip5,03-24-2026-Clip5,trombone,agreement,trombone,2:25.975,676.3333333333334,4
03-24-2026,Clip5,03-24-2026-Clip5,trombone,initiation,trombone,2:41.665,676.3333333333334,4
03-24-2026,Clip5,03-24-2026-Clip5,trombone,agreement,guitar,2:43.651,676.3333333333334,4
03-24-2026,Clip5,03-24-2026-Clip5,trombone,initiation,trombone,2:59.186,676.3333333333334,4
03-24-2026,Clip5,03-24-2026-Clip5,trombone,agreement,guitar,3:04.727,676.3333333333334,4
03-24-2026,Clip5,03-24-2026-Clip5,trombone,initiation,guitar,3:30.555,676.3333333333334,4
03-24-2026,Clip5,03-24-2026-Clip5,trombone,agreement,trombone,3:33.469,676.3333333333334,4
03-24-2026,Clip5,03-24-2026-Clip5,trombone,initiation,guitar,5:00.603,676.3333333333334,4
03-24-2026,Clip5,03-24-2026-Clip5,trombone,agreement,trombone,5:00.921,676.3333333333334,4
03-24-2026,Clip5,03-24-2026-Clip5,trombone,initiation,trombone,6:11.529,676.3333333333334,4
03-24-2026,Clip5,03-24-2026-Clip5,trombone,agreement,guitar,6:13.298,676.3333333333334,4
03-24-2026,Clip5,03-24-2026-Clip5,trombone,initiation,guitar,6:45.440,676.3333333333334,4
03-24-2026,Clip5,03-24-2026-Clip5,trombone,agreement,trombone,6:47.702,676.3333333333334,4
03-24-2026,Clip5,03-24-2026-Clip5,trombone,initiation,guitar,7:45.750,676.3333333333334,4
03-24-2026,Clip5,03-24-2026-Clip5,trombone,agreement,trombone,7:53.124,676.3333333333334,4
03-24-2026,Clip5,03-24-2026-Clip5,trombone,initiation,guitar,8:32.515,676.3333333333334,4
03-24-2026,Clip5,03-24-2026-Clip5,trombone,agreement,trombone,8:41.717,676.3333333333334,4
03-24-2026,Clip5,03-24-2026-Clip5,trombone,initiation,guitar,9:08.232,676.3333333333334,4
03-24-2026,Clip5,03-24-2026-Clip5,trombone,agreement,trombone,9:12.331,676.3333333333334,4
03-24-2026,Clip5,03-24-2026-Clip5,trombone,initiation,guitar,9:47.726,676.3333333333334,4
03-24-2026,Clip5,03-24-2026-Clip5,trombone,agreement,trombone,9:51.711,676.3333333333334,4
03-24-2026,Clip5,03-24-2026-Clip5,trombone,initiation,guitar,10:36.394,676.3333333333334,4
03-24-2026,Clip5,03-24-2026-Clip5,trombone,agreement,trombone,10:38.597,676.3333333333334,4
03-25-2026,Clip1,03-25-2026-Clip1,trombone,initiation,trombone,0:00.334,485.6,2
03-25-2026,Clip1,03-25-2026-Clip1,trombone,agreement,trumpet,0:01.922,485.6,2
03-25-2026,Clip1,03-25-2026-Clip1,trombone,initiation,trumpet,0:16.983,485.6,2
03-25-2026,Clip1,03-25-2026-Clip1,trombone,agreement,trombone,0:21.194,485.6,2
03-25-2026,Clip1,03-25-2026-Clip1,trombone,initiation,trombone,0:27.830,485.6,2
03-25-2026,Clip1,03-25-2026-Clip1,trombone,agreement,trumpet,0:33.052,485.6,2
03-25-2026,Clip1,03-25-2026-Clip1,trombone,initiation,trumpet,0:58.422,485.6,2
03-25-2026,Clip1,03-25-2026-Clip1,trombone,agreement,trombone,1:03.302,485.6,2
03-25-2026,Clip1,03-25-2026-Clip1,trombone,initiation,trumpet,1:59.215,485.6,2
03-25-2026,Clip1,03-25-2026-Clip1,trombone,agreement,trombone,2:01.808,485.6,2
03-25-2026,Clip1,03-25-2026-Clip1,trombone,initiation,trumpet,3:09.588,485.6,2
03-25-2026,Clip1,03-25-2026-Clip1,trombone,agreement,trombone,3:18.629,485.6,2
03-25-2026,Clip1,03-25-2026-Clip1,trombone,initiation,trombone,4:21.260,485.6,2
03-25-2026,Clip1,03-25-2026-Clip1,trombone,initiation,trumpet,5:15.814,485.6,2
03-25-2026,Clip1,03-25-2026-Clip1,trombone,initiation,trumpet,6:27.985,485.6,2
03-25-2026,Clip1,03-25-2026-Clip1,trombone,initiation,trombone,6:47.907,485.6,2
03-25-2026,Clip1,03-25-2026-Clip1,trombone,agreement,trumpet,6:52.469,485.6,2
03-25-2026,Clip1,03-25-2026-Clip1,trumpet,initiation,trombone,0:00.387,485.6,5
03-25-2026,Clip1,03-25-2026-Clip1,trumpet,agreement,trumpet,0:02.790,485.6,5
03-25-2026,Clip1,03-25-2026-Clip1,trumpet,initiation,trumpet,0:16.488,485.6,5
03-25-2026,Clip1,03-25-2026-Clip1,trumpet,agreement,trombone,0:20.045,485.6,5
03-25-2026,Clip1,03-25-2026-Clip1,trumpet,initiation,trombone,0:27.917,485.6,5
03-25-2026,Clip1,03-25-2026-Clip1,trumpet,agreement,trumpet,0:32.944,485.6,5
03-25-2026,Clip1,03-25-2026-Clip1,trumpet,initiation,trumpet,0:58.255,485.6,5
03-25-2026,Clip1,03-25-2026-Clip1,trumpet,agreement,trombone,1:03.249,485.6,5
03-25-2026,Clip1,03-25-2026-Clip1,trumpet,initiation,trombone,1:58.175,485.6,5
03-25-2026,Clip1,03-25-2026-Clip1,trumpet,agreement,trumpet,1:58.758,485.6,5
03-25-2026,Clip1,03-25-2026-Clip1,trumpet,initiation,trumpet,2:39.293,485.6,5
03-25-2026,Clip1,03-25-2026-Clip1,trumpet,initiation,trombone,2:42.572,485.6,5
03-25-2026,Clip1,03-25-2026-Clip1,trumpet,initiation,trumpet,3:09.094,485.6,5
03-25-2026,Clip1,03-25-2026-Clip1,trumpet,agreement,trombone,3:17.280,485.6,5
03-25-2026,Clip1,03-25-2026-Clip1,trumpet,initiation,trumpet,4:12.301,485.6,5
03-25-2026,Clip1,03-25-2026-Clip1,trumpet,initiation,trombone,4:21.175,485.6,5
03-25-2026,Clip1,03-25-2026-Clip1,trumpet,agreement,trumpet,5:15.606,485.6,5
03-25-2026,Clip1,03-25-2026-Clip1,trumpet,initiation,trombone,6:50.819,485.6,5
03-25-2026,Clip1,03-25-2026-Clip1,trumpet,initiation,trombone,7:36.920,485.6,5
03-25-2026,Clip1,03-25-2026-Clip1,trumpet,agreement,trumpet,7:41.453,485.6,5
03-25-2026,Clip2,03-25-2026-Clip2,trombone,initiation,trombone,0:01.000,634.3833333333333,2
03-25-2026,Clip2,03-25-2026-Clip2,trombone,initiation,trumpet,0:03.151,634.3833333333333,2
03-25-2026,Clip2,03-25-2026-Clip2,trombone,agreement,trombone,0:05.047,634.3833333333333,2
03-25-2026,Clip2,03-25-2026-Clip2,trombone,initiation,trumpet,0:57.223,634.3833333333333,2
03-25-2026,Clip2,03-25-2026-Clip2,trombone,agreement,trombone,1:02.633,634.3833333333333,2
03-25-2026,Clip2,03-25-2026-Clip2,trombone,initiation,trumpet,1:30.882,634.3833333333333,2
03-25-2026,Clip2,03-25-2026-Clip2,trombone,agreement,trombone,1:32.376,634.3833333333333,2
03-25-2026,Clip2,03-25-2026-Clip2,trombone,initiation,trombone,2:17.229,634.3833333333333,2
03-25-2026,Clip2,03-25-2026-Clip2,trombone,agreement,trumpet,2:21.942,634.3833333333333,2
03-25-2026,Clip2,03-25-2026-Clip2,trombone,initiation,trombone,2:56.045,634.3833333333333,2
03-25-2026,Clip2,03-25-2026-Clip2,trombone,agreement,trumpet,3:03.549,634.3833333333333,2
03-25-2026,Clip2,03-25-2026-Clip2,trombone,initiation,trumpet,4:33.940,634.3833333333333,2
03-25-2026,Clip2,03-25-2026-Clip2,trombone,initiation,trombone,4:35.044,634.3833333333333,2
03-25-2026,Clip2,03-25-2026-Clip2,trombone,initiation,trombone,4:50.828,634.3833333333333,2
03-25-2026,Clip2,03-25-2026-Clip2,trombone,initiation,trumpet,5:34.331,634.3833333333333,2
03-25-2026,Clip2,03-25-2026-Clip2,trombone,agreement,trombone,5:36.650,634.3833333333333,2
03-25-2026,Clip2,03-25-2026-Clip2,trombone,initiation,trumpet,6:37.355,634.3833333333333,2
03-25-2026,Clip2,03-25-2026-Clip2,trombone,agreement,trombone,6:57.154,634.3833333333333,2
03-25-2026,Clip2,03-25-2026-Clip2,trombone,initiation,trombone,9:21.495,634.3833333333333,2
03-25-2026,Clip2,03-25-2026-Clip2,trombone,agreement,trumpet,9:23.280,634.3833333333333,2
03-25-2026,Clip2,03-25-2026-Clip2,trumpet,initiation,trombone,0:01.000,634.3833333333333,5
03-25-2026,Clip2,03-25-2026-Clip2,trumpet,agreement,trumpet,0:03.248,634.3833333333333,5
03-25-2026,Clip2,03-25-2026-Clip2,trumpet,initiation,trumpet,0:32.947,634.3833333333333,5
03-25-2026,Clip2,03-25-2026-Clip2,trumpet,agreement,trombone,0:34.368,634.3833333333333,5
03-25-2026,Clip2,03-25-2026-Clip2,trumpet,initiation,trumpet,0:57.111,634.3833333333333,5
03-25-2026,Clip2,03-25-2026-Clip2,trumpet,initiation,trumpet,1:30.951,634.3833333333333,5
03-25-2026,Clip2,03-25-2026-Clip2,trumpet,agreement,trombone,1:30.984,634.3833333333333,5
03-25-2026,Clip2,03-25-2026-Clip2,trumpet,initiation,trombone,2:19.646,634.3833333333333,5
03-25-2026,Clip2,03-25-2026-Clip2,trumpet,agreement,trumpet,2:21.810,634.3833333333333,5
03-25-2026,Clip2,03-25-2026-Clip2,trumpet,initiation,trumpet,4:10.425,634.3833333333333,5
03-25-2026,Clip2,03-25-2026-Clip2,trumpet,initiation,trumpet,4:33.642,634.3833333333333,5
03-25-2026,Clip2,03-25-2026-Clip2,trumpet,agreement,trombone,4:44.635,634.3833333333333,5
03-25-2026,Clip2,03-25-2026-Clip2,trumpet,initiation,trumpet,5:33.907,634.3833333333333,5
03-25-2026,Clip2,03-25-2026-Clip2,trumpet,agreement,trombone,5:35.320,634.3833333333333,5
03-25-2026,Clip2,03-25-2026-Clip2,trumpet,initiation,trombone,6:15.655,634.3833333333333,5
03-25-2026,Clip2,03-25-2026-Clip2,trumpet,agreement,trumpet,6:24.540,634.3833333333333,5
03-25-2026,Clip2,03-25-2026-Clip2,trumpet,initiation,trombone,6:56.905,634.3833333333333,5
03-25-2026,Clip2,03-25-2026-Clip2,trumpet,agreement,trumpet,6:59.363,634.3833333333333,5
03-25-2026,Clip2,03-25-2026-Clip2,trumpet,initiation,trombone,9:21.410,634.3833333333333,5
03-25-2026,Clip2,03-25-2026-Clip2,trumpet,agreement,trumpet,9:23.214,634.3833333333333,5
03-25-2026,Clip3,03-25-2026-Clip3,trombone,initiation,trumpet,0:01.031,576.0333333333333,2
03-25-2026,Clip3,03-25-2026-Clip3,trombone,agreement,trombone,0:05.521,576.0333333333333,2
03-25-2026,Clip3,03-25-2026-Clip3,trombone,initiation,trumpet,1:01.880,576.0333333333333,2
03-25-2026,Clip3,03-25-2026-Clip3,trombone,agreement,trombone,1:03.776,576.0333333333333,2
03-25-2026,Clip3,03-25-2026-Clip3,trombone,initiation,trumpet,1:34.061,576.0333333333333,2
03-25-2026,Clip3,03-25-2026-Clip3,trombone,initiation,trombone,1:38.021,576.0333333333333,2
03-25-2026,Clip3,03-25-2026-Clip3,trombone,initiation,trumpet,1:53.832,576.0333333333333,2
03-25-2026,Clip3,03-25-2026-Clip3,trombone,agreement,trombone,1:56.482,576.0333333333333,2
03-25-2026,Clip3,03-25-2026-Clip3,trombone,initiation,trombone,3:04.831,576.0333333333333,2
03-25-2026,Clip3,03-25-2026-Clip3,trombone,initiation,trumpet,3:54.442,576.0333333333333,2
03-25-2026,Clip3,03-25-2026-Clip3,trombone,initiation,trombone,4:13.572,576.0333333333333,2
03-25-2026,Clip3,03-25-2026-Clip3,trombone,initiation,trumpet,4:20.348,576.0333333333333,2
03-25-2026,Clip3,03-25-2026-Clip3,trombone,initiation,trombone,4:23.695,576.0333333333333,2
03-25-2026,Clip3,03-25-2026-Clip3,trombone,agreement,trumpet,4:25.758,576.0333333333333,2
03-25-2026,Clip3,03-25-2026-Clip3,trombone,initiation,trombone,5:44.203,576.0333333333333,2
03-25-2026,Clip3,03-25-2026-Clip3,trombone,initiation,trombone,5:59.764,576.0333333333333,2
03-25-2026,Clip3,03-25-2026-Clip3,trombone,agreement,trumpet,6:00.898,576.0333333333333,2
03-25-2026,Clip3,03-25-2026-Clip3,trombone,initiation,trombone,6:11.643,576.0333333333333,2
03-25-2026,Clip3,03-25-2026-Clip3,trombone,initiation,trombone,6:24.081,576.0333333333333,2
03-25-2026,Clip3,03-25-2026-Clip3,trombone,agreement,trumpet,6:28.605,576.0333333333333,2
03-25-2026,Clip3,03-25-2026-Clip3,trombone,initiation,trombone,8:16.129,576.0333333333333,2
03-25-2026,Clip3,03-25-2026-Clip3,trombone,agreement,trumpet,8:26.112,576.0333333333333,2
03-25-2026,Clip3,03-25-2026-Clip3,trombone,initiation,trumpet,8:50.452,576.0333333333333,2
03-25-2026,Clip3,03-25-2026-Clip3,trumpet,initiation,trumpet,0:01.000,576.0333333333333,5
03-25-2026,Clip3,03-25-2026-Clip3,trumpet,agreement,trombone,0:05.251,576.0333333333333,5
03-25-2026,Clip3,03-25-2026-Clip3,trumpet,initiation,trumpet,1:00.988,576.0333333333333,5
03-25-2026,Clip3,03-25-2026-Clip3,trumpet,agreement,trombone,1:03.695,576.0333333333333,5
03-25-2026,Clip3,03-25-2026-Clip3,trumpet,initiation,trombone,1:32.833,576.0333333333333,5
03-25-2026,Clip3,03-25-2026-Clip3,trumpet,agreement,trumpet,1:33.780,576.0333333333333,5
03-25-2026,Clip3,03-25-2026-Clip3,trumpet,initiation,trombone,2:22.981,576.0333333333333,5
03-25-2026,Clip3,03-25-2026-Clip3,trumpet,agreement,trumpet,2:23.432,576.0333333333333,5
03-25-2026,Clip3,03-25-2026-Clip3,trumpet,initiation,trumpet,2:53.778,576.0333333333333,5
03-25-2026,Clip3,03-25-2026-Clip3,trumpet,agreement,trombone,3:04.737,576.0333333333333,5
03-25-2026,Clip3,03-25-2026-Clip3,trumpet,initiation,trumpet,3:54.239,576.0333333333333,5
03-25-2026,Clip3,03-25-2026-Clip3,trumpet,agreement,trombone,4:13.580,576.0333333333333,5
03-25-2026,Clip3,03-25-2026-Clip3,trumpet,initiation,trombone,5:59.179,576.0333333333333,5
03-25-2026,Clip3,03-25-2026-Clip3,trumpet,agreement,trumpet,6:00.385,576.0333333333333,5
03-25-2026,Clip3,03-25-2026-Clip3,trumpet,initiation,trombone,6:24.051,576.0333333333333,5
03-25-2026,Clip3,03-25-2026-Clip3,trumpet,agreement,trumpet,6:27.990,576.0333333333333,5
03-25-2026,Clip3,03-25-2026-Clip3,trumpet,initiation,trombone,8:16.163,576.0333333333333,5
03-25-2026,Clip3,03-25-2026-Clip3,trumpet,agreement,trumpet,8:26.153,576.0333333333333,5
03-25-2026,Clip4,03-25-2026-Clip4,trombone,initiation,trumpet,0:02.000,378.1666666666667,2
03-25-2026,Clip4,03-25-2026-Clip4,trombone,agreement,trombone,0:16.500,378.1666666666667,2
03-25-2026,Clip4,03-25-2026-Clip4,trombone,initiation,trombone,3:07.089,378.1666666666667,2
03-25-2026,Clip4,03-25-2026-Clip4,trombone,agreement,trumpet,3:42.075,378.1666666666667,2
03-25-2026,Clip4,03-25-2026-Clip4,trombone,initiation,trumpet,4:52.873,378.1666666666667,2
03-25-2026,Clip4,03-25-2026-Clip4,trombone,initiation,trumpet,5:32.025,378.1666666666667,2
03-25-2026,Clip4,03-25-2026-Clip4,trombone,initiation,trombone,5:39.898,378.1666666666667,2
03-25-2026,Clip4,03-25-2026-Clip4,trombone,initiation,trumpet,5:56.135,378.1666666666667,2
03-25-2026,Clip4,03-25-2026-Clip4,trombone,agreement,trombone,5:58.371,378.1666666666667,2
03-25-2026,Clip4,03-25-2026-Clip4,trumpet,initiation,trumpet,0:01.000,378.1666666666667,5
03-25-2026,Clip4,03-25-2026-Clip4,trumpet,agreement,trombone,0:16.500,378.1666666666667,5
03-25-2026,Clip4,03-25-2026-Clip4,trumpet,initiation,trombone,3:02.179,378.1666666666667,5
03-25-2026,Clip4,03-25-2026-Clip4,trumpet,agreement,trumpet,3:41.792,378.1666666666667,5
03-25-2026,Clip4,03-25-2026-Clip4,trumpet,initiation,trumpet,5:31.953,378.1666666666667,5
03-25-2026,Clip4,03-25-2026-Clip4,trumpet,agreement,trombone,5:35.962,378.1666666666667,5
03-25-2026,Clip5,03-25-2026-Clip5,trombone,initiation,trumpet,0:00.362,809.3666666666667,2
03-25-2026,Clip5,03-25-2026-Clip5,trombone,initiation,trombone,0:02.527,809.3666666666667,2
03-25-2026,Clip5,03-25-2026-Clip5,trombone,agreement,trumpet,0:21.221,809.3666666666667,2
03-25-2026,Clip5,03-25-2026-Clip5,trombone,initiation,trombone,1:00.374,809.3666666666667,2
03-25-2026,Clip5,03-25-2026-Clip5,trombone,agreement,trumpet,1:01.991,809.3666666666667,2
03-25-2026,Clip5,03-25-2026-Clip5,trombone,initiation,trumpet,1:13.214,809.3666666666667,2
03-25-2026,Clip5,03-25-2026-Clip5,trombone,initiation,trombone,1:25.632,809.3666666666667,2
03-25-2026,Clip5,03-25-2026-Clip5,trombone,agreement,trumpet,1:30.581,809.3666666666667,2
03-25-2026,Clip5,03-25-2026-Clip5,trombone,initiation,trumpet,1:47.519,809.3666666666667,2
03-25-2026,Clip5,03-25-2026-Clip5,trombone,agreement,trombone,2:24.684,809.3666666666667,2
03-25-2026,Clip5,03-25-2026-Clip5,trombone,initiation,trumpet,2:54.582,809.3666666666667,2
03-25-2026,Clip5,03-25-2026-Clip5,trombone,agreement,trombone,3:08.487,809.3666666666667,2
03-25-2026,Clip5,03-25-2026-Clip5,trombone,initiation,trumpet,3:30.260,809.3666666666667,2
03-25-2026,Clip5,03-25-2026-Clip5,trombone,agreement,trombone,3:32.148,809.3666666666667,2
03-25-2026,Clip5,03-25-2026-Clip5,trombone,initiation,trombone,5:18.323,809.3666666666667,2
03-25-2026,Clip5,03-25-2026-Clip5,trombone,agreement,trumpet,5:45.961,809.3666666666667,2
03-25-2026,Clip5,03-25-2026-Clip5,trombone,initiation,trumpet,6:47.073,809.3666666666667,2
03-25-2026,Clip5,03-25-2026-Clip5,trombone,agreement,trombone,6:52.509,809.3666666666667,2
03-25-2026,Clip5,03-25-2026-Clip5,trombone,initiation,trumpet,7:59.888,809.3666666666667,2
03-25-2026,Clip5,03-25-2026-Clip5,trombone,agreement,trombone,8:02.062,809.3666666666667,2
03-25-2026,Clip5,03-25-2026-Clip5,trombone,initiation,trombone,8:58.677,809.3666666666667,2
03-25-2026,Clip5,03-25-2026-Clip5,trombone,agreement,trumpet,9:00.680,809.3666666666667,2
03-25-2026,Clip5,03-25-2026-Clip5,trombone,initiation,trumpet,9:19.658,809.3666666666667,2
03-25-2026,Clip5,03-25-2026-Clip5,trombone,agreement,trombone,9:26.749,809.3666666666667,2
03-25-2026,Clip5,03-25-2026-Clip5,trombone,initiation,trombone,9:31.260,809.3666666666667,2
03-25-2026,Clip5,03-25-2026-Clip5,trombone,agreement,trumpet,9:42.039,809.3666666666667,2
03-25-2026,Clip5,03-25-2026-Clip5,trombone,initiation,trombone,11:00.532,809.3666666666667,2
03-25-2026,Clip5,03-25-2026-Clip5,trombone,agreement,trumpet,11:07.510,809.3666666666667,2
03-25-2026,Clip5,03-25-2026-Clip5,trumpet,initiation,trumpet,0:00.474,809.3666666666667,5
03-25-2026,Clip5,03-25-2026-Clip5,trumpet,agreement,trombone,0:02.433,809.3666666666667,5
03-25-2026,Clip5,03-25-2026-Clip5,trumpet,initiation,trombone,1:00.399,809.3666666666667,5
03-25-2026,Clip5,03-25-2026-Clip5,trumpet,agreement,trumpet,1:01.914,809.3666666666667,5
03-25-2026,Clip5,03-25-2026-Clip5,trumpet,initiation,trumpet,1:47.820,809.3666666666667,5
03-25-2026,Clip5,03-25-2026-Clip5,trumpet,agreement,trombone,2:24.436,809.3666666666667,5
03-25-2026,Clip5,03-25-2026-Clip5,trumpet,initiation,trumpet,3:30.350,809.3666666666667,5
03-25-2026,Clip5,03-25-2026-Clip5,trumpet,agreement,trombone,3:31.033,809.3666666666667,5
03-25-2026,Clip5,03-25-2026-Clip5,trumpet,initiation,trumpet,4:40.684,809.3666666666667,5
03-25-2026,Clip5,03-25-2026-Clip5,trumpet,agreement,trombone,4:41.940,809.3666666666667,5
03-25-2026,Clip5,03-25-2026-Clip5,trumpet,initiation,trombone,5:18.488,809.3666666666667,5
03-25-2026,Clip5,03-25-2026-Clip5,trumpet,agreement,trumpet,5:45.998,809.3666666666667,5
03-25-2026,Clip5,03-25-2026-Clip5,trumpet,initiation,trumpet,6:47.086,809.3666666666667,5
03-25-2026,Clip5,03-25-2026-Clip5,trumpet,agreement,trombone,6:51.974,809.3666666666667,5
03-25-2026,Clip5,03-25-2026-Clip5,trumpet,initiation,trumpet,7:19.698,809.3666666666667,5
03-25-2026,Clip5,03-25-2026-Clip5,trumpet,agreement,trombone,7:27.425,809.3666666666667,5
03-25-2026,Clip5,03-25-2026-Clip5,trumpet,initiation,trumpet,8:03.055,809.3666666666667,5
03-25-2026,Clip5,03-25-2026-Clip5,trumpet,agreement,trombone,8:03.760,809.3666666666667,5
03-25-2026,Clip5,03-25-2026-Clip5,trumpet,initiation,trombone,8:57.799,809.3666666666667,5
03-25-2026,Clip5,03-25-2026-Clip5,trumpet,agreement,trumpet,8:59.170,809.3666666666667,5
03-25-2026,Clip5,03-25-2026-Clip5,trumpet,initiation,trumpet,9:19.522,809.3666666666667,5
03-25-2026,Clip5,03-25-2026-Clip5,trumpet,agreement,trombone,9:21.214,809.3666666666667,5
03-25-2026,Clip5,03-25-2026-Clip5,trumpet,initiation,trombone,9:30.692,809.3666666666667,5
03-25-2026,Clip5,03-25-2026-Clip5,trumpet,agreement,trumpet,9:39.652,809.3666666666667,5
03-25-2026,Clip5,03-25-2026-Clip5,trumpet,initiation,trombone,11:00.272,809.3666666666667,5
03-25-2026,Clip5,03-25-2026-Clip5,trumpet,agreement,trumpet,11:06.849,809.3666666666667,5
03-25-2026,Clip5,03-25-2026-Clip5,trumpet,initiation,trombone,11:41.918,809.3666666666667,5
03-25-2026,Clip5,03-25-2026-Clip5,trumpet,agreement,trumpet,11:57.599,809.3666666666667,5
03-25-2026,Clip6,03-25-2026-Clip6,trombone,initiation,trumpet,0:00.500,428.81666666666666,2
03-25-2026,Clip6,03-25-2026-Clip6,trombone,initiation,trombone,0:01.135,428.81666666666666,2
03-25-2026,Clip6,03-25-2026-Clip6,trombone,agreement,trombone,0:46.988,428.81666666666666,2
03-25-2026,Clip6,03-25-2026-Clip6,trombone,initiation,trumpet,2:10.793,428.81666666666666,2
03-25-2026,Clip6,03-25-2026-Clip6,trombone,initiation,trombone,2:20.397,428.81666666666666,2
03-25-2026,Clip6,03-25-2026-Clip6,trombone,initiation,trumpet,2:40.959,428.81666666666666,2
03-25-2026,Clip6,03-25-2026-Clip6,trombone,agreement,trumpet,2:53.314,428.81666666666666,2
03-25-2026,Clip6,03-25-2026-Clip6,trombone,initiation,trumpet,2:57.534,428.81666666666666,2
03-25-2026,Clip6,03-25-2026-Clip6,trombone,agreement,trombone,2:58.698,428.81666666666666,2
03-25-2026,Clip6,03-25-2026-Clip6,trombone,initiation,trumpet,3:29.781,428.81666666666666,2
03-25-2026,Clip6,03-25-2026-Clip6,trombone,agreement,trombone,3:44.799,428.81666666666666,2
03-25-2026,Clip6,03-25-2026-Clip6,trombone,initiation,trumpet,3:50.416,428.81666666666666,2
03-25-2026,Clip6,03-25-2026-Clip6,trombone,initiation,trombone,4:10.585,428.81666666666666,2
03-25-2026,Clip6,03-25-2026-Clip6,trombone,agreement,trumpet,4:43.443,428.81666666666666,2
03-25-2026,Clip6,03-25-2026-Clip6,trombone,initiation,trombone,6:12.240,428.81666666666666,2
03-25-2026,Clip6,03-25-2026-Clip6,trumpet,initiation,trumpet,0:00.560,428.81666666666666,5
03-25-2026,Clip6,03-25-2026-Clip6,trumpet,agreement,trombone,0:01.077,428.81666666666666,5
03-25-2026,Clip6,03-25-2026-Clip6,trumpet,initiation,trombone,1:21.051,428.81666666666666,5
03-25-2026,Clip6,03-25-2026-Clip6,trumpet,agreement,trumpet,1:23.613,428.81666666666666,5
03-25-2026,Clip6,03-25-2026-Clip6,trumpet,initiation,trumpet,2:16.528,428.81666666666666,5
03-25-2026,Clip6,03-25-2026-Clip6,trumpet,initiation,trombone,2:38.864,428.81666666666666,5
03-25-2026,Clip6,03-25-2026-Clip6,trumpet,agreement,trumpet,2:40.632,428.81666666666666,5
03-25-2026,Clip6,03-25-2026-Clip6,trumpet,initiation,trumpet,3:50.200,428.81666666666666,5
03-25-2026,Clip6,03-25-2026-Clip6,trumpet,agreement,trombone,3:52.776,428.81666666666666,5
03-25-2026,Clip6,03-25-2026-Clip6,trumpet,initiation,trombone,4:08.918,428.81666666666666,5
03-25-2026,Clip6,03-25-2026-Clip6,trumpet,agreement,trumpet,4:43.286,428.81666666666666,5
03-25-2026,Clip6,03-25-2026-Clip6,trumpet,initiation,trumpet,5:41.938,428.81666666666666,5
03-25-2026,Clip6,03-25-2026-Clip6,trumpet,agreement,trombone,6:12.193,428.81666666666666,5
03-25-2026,Clip7,03-25-2026-Clip7,trombone,initiation,trumpet,0:00.585,419.18333333333334,2
03-25-2026,Clip7,03-25-2026-Clip7,trombone,agreement,trombone,0:02.286,419.18333333333334,2
03-25-2026,Clip7,03-25-2026-Clip7,trombone,initiation,trombone,0:57.446,419.18333333333334,2
03-25-2026,Clip7,03-25-2026-Clip7,trombone,initiation,trumpet,1:00.402,419.18333333333334,2
03-25-2026,Clip7,03-25-2026-Clip7,trombone,initiation,trombone,1:04.139,419.18333333333334,2
03-25-2026,Clip7,03-25-2026-Clip7,trombone,agreement,trumpet,1:05.756,419.18333333333334,2
03-25-2026,Clip7,03-25-2026-Clip7,trombone,initiation,trumpet,1:27.201,419.18333333333334,2
03-25-2026,Clip7,03-25-2026-Clip7,trombone,agreement,trombone,1:29.041,419.18333333333334,2
03-25-2026,Clip7,03-25-2026-Clip7,trombone,initiation,trumpet,1:44.100,419.18333333333334,2
03-25-2026,Clip7,03-25-2026-Clip7,trombone,agreement,trombone,1:47.558,419.18333333333334,2
03-25-2026,Clip7,03-25-2026-Clip7,trombone,initiation,trumpet,2:00.860,419.18333333333334,2
03-25-2026,Clip7,03-25-2026-Clip7,trombone,agreement,trombone,2:02.946,419.18333333333334,2
03-25-2026,Clip7,03-25-2026-Clip7,trombone,initiation,trumpet,2:23.002,419.18333333333334,2
03-25-2026,Clip7,03-25-2026-Clip7,trombone,agreement,trombone,2:26.191,419.18333333333334,2
03-25-2026,Clip7,03-25-2026-Clip7,trombone,initiation,trombone,3:35.228,419.18333333333334,2
03-25-2026,Clip7,03-25-2026-Clip7,trombone,agreement,trumpet,3:42.910,419.18333333333334,2
03-25-2026,Clip7,03-25-2026-Clip7,trombone,initiation,trombone,4:57.549,419.18333333333334,2
03-25-2026,Clip7,03-25-2026-Clip7,trombone,agreement,trumpet,5:14.811,419.18333333333334,2
03-25-2026,Clip7,03-25-2026-Clip7,trumpet,initiation,trumpet,0:00.532,419.18333333333334,5
03-25-2026,Clip7,03-25-2026-Clip7,trumpet,agreement,trombone,0:02.252,419.18333333333334,5
03-25-2026,Clip7,03-25-2026-Clip7,trumpet,initiation,trombone,0:17.319,419.18333333333334,5
03-25-2026,Clip7,03-25-2026-Clip7,trumpet,initiation,trombone,0:54.422,419.18333333333334,5
03-25-2026,Clip7,03-25-2026-Clip7,trumpet,agreement,trumpet,1:00.053,419.18333333333334,5
03-25-2026,Clip7,03-25-2026-Clip7,trumpet,initiation,trumpet,2:22.996,419.18333333333334,5
03-25-2026,Clip7,03-25-2026-Clip7,trumpet,agreement,trombone,2:25.781,419.18333333333334,5
03-25-2026,Clip7,03-25-2026-Clip7,trumpet,initiation,trombone,3:40.399,419.18333333333334,5
03-25-2026,Clip7,03-25-2026-Clip7,trumpet,agreement,trumpet,3:42.810,419.18333333333334,5
03-25-2026,Clip7,03-25-2026-Clip7,trumpet,initiation,trombone,4:57.566,419.18333333333334,5
03-25-2026,Clip7,03-25-2026-Clip7,trumpet,agreement,trumpet,5:14.492,419.18333333333334,5
04-11-2026,Clip1,04-11-2026-Clip1,guitar,initiation,guitar,00:01.9,407.1666666666667,1
04-11-2026,Clip1,04-11-2026-Clip1,guitar,agreement,trumpet,00:05.3,407.1666666666667,1
04-11-2026,Clip1,04-11-2026-Clip1,guitar,initiation,trumpet,01:38.0,407.1666666666667,1
04-11-2026,Clip1,04-11-2026-Clip1,guitar,agreement,guitar,01:38.6,407.1666666666667,1
04-11-2026,Clip1,04-11-2026-Clip1,guitar,initiation,guitar,02:54.5,407.1666666666667,1
04-11-2026,Clip1,04-11-2026-Clip1,guitar,agreement,trumpet,03:10.0,407.1666666666667,1
04-11-2026,Clip1,04-11-2026-Clip1,trumpet,initiation,guitar,0:01.868,407.1666666666667,5
04-11-2026,Clip1,04-11-2026-Clip1,trumpet,agreement,trumpet,0:05.326,407.1666666666667,5
04-11-2026,Clip1,04-11-2026-Clip1,trumpet,initiation,guitar,0:46.124,407.1666666666667,5
04-11-2026,Clip1,04-11-2026-Clip1,trumpet,agreement,trumpet,0:51.701,407.1666666666667,5
04-11-2026,Clip1,04-11-2026-Clip1,trumpet,initiation,trumpet,1:07.596,407.1666666666667,5
04-11-2026,Clip1,04-11-2026-Clip1,trumpet,agreement,guitar,1:09.660,407.1666666666667,5
04-11-2026,Clip1,04-11-2026-Clip1,trumpet,initiation,trumpet,1:37.909,407.1666666666667,5
04-11-2026,Clip1,04-11-2026-Clip1,trumpet,agreement,guitar,1:38.493,407.1666666666667,5
04-11-2026,Clip1,04-11-2026-Clip1,trumpet,initiation,guitar,2:23.392,407.1666666666667,5
04-11-2026,Clip1,04-11-2026-Clip1,trumpet,agreement,trumpet,2:24.584,407.1666666666667,5
04-11-2026,Clip1,04-11-2026-Clip1,trumpet,initiation,guitar,2:54.430,407.1666666666667,5
04-11-2026,Clip1,04-11-2026-Clip1,trumpet,initiation,trumpet,3:09.851,407.1666666666667,5
04-11-2026,Clip1,04-11-2026-Clip1,trumpet,agreement,guitar,4:06.042,407.1666666666667,5
04-11-2026,Clip2,04-11-2026-Clip2,guitar,initiation,guitar,0:04.010,820.4833333333333,1
04-11-2026,Clip2,04-11-2026-Clip2,guitar,agreement,trumpet,0:11.450,820.4833333333333,1
04-11-2026,Clip2,04-11-2026-Clip2,guitar,initiation,trumpet,1:04.380,820.4833333333333,1
04-11-2026,Clip2,04-11-2026-Clip2,guitar,agreement,guitar,1:05.055,820.4833333333333,1
04-11-2026,Clip2,04-11-2026-Clip2,guitar,initiation,guitar,2:00.305,820.4833333333333,1
04-11-2026,Clip2,04-11-2026-Clip2,guitar,agreement,trumpet,2:02.115,820.4833333333333,1
04-11-2026,Clip2,04-11-2026-Clip2,guitar,initiation,trumpet,3:56.610,820.4833333333333,1
04-11-2026,Clip2,04-11-2026-Clip2,guitar,agreement,guitar,4:01.165,820.4833333333333,1
04-11-2026,Clip2,04-11-2026-Clip2,guitar,initiation,trumpet,5:53.960,820.4833333333333,1
04-11-2026,Clip2,04-11-2026-Clip2,guitar,agreement,guitar,5:56.640,820.4833333333333,1
04-11-2026,Clip2,04-11-2026-Clip2,guitar,initiation,trumpet,6:54.885,820.4833333333333,1
04-11-2026,Clip2,04-11-2026-Clip2,guitar,agreement,guitar,6:57.165,820.4833333333333,1
04-11-2026,Clip2,04-11-2026-Clip2,guitar,initiation,trumpet,9:04.520,820.4833333333333,1
04-11-2026,Clip2,04-11-2026-Clip2,guitar,agreement,guitar,9:11.280,820.4833333333333,1
04-11-2026,Clip2,04-11-2026-Clip2,guitar,initiation,guitar,10:53.785,820.4833333333333,1
04-11-2026,Clip2,04-11-2026-Clip2,guitar,agreement,trumpet,10:55.690,820.4833333333333,1
04-11-2026,Clip2,04-11-2026-Clip2,trumpet,initiation,guitar,0:04.167,820.4833333333333,5
04-11-2026,Clip2,04-11-2026-Clip2,trumpet,agreement,trumpet,0:07.631,820.4833333333333,5
04-11-2026,Clip2,04-11-2026-Clip2,trumpet,initiation,trumpet,1:04.194,820.4833333333333,5
04-11-2026,Clip2,04-11-2026-Clip2,trumpet,agreement,guitar,1:05.031,820.4833333333333,5
04-11-2026,Clip2,04-11-2026-Clip2,trumpet,initiation,guitar,2:00.107,820.4833333333333,5
04-11-2026,Clip2,04-11-2026-Clip2,trumpet,agreement,trumpet,2:01.947,820.4833333333333,5
04-11-2026,Clip2,04-11-2026-Clip2,trumpet,initiation,trumpet,2:43.052,820.4833333333333,5
04-11-2026,Clip2,04-11-2026-Clip2,trumpet,agreement,guitar,2:44.809,820.4833333333333,5
04-11-2026,Clip2,04-11-2026-Clip2,trumpet,initiation,guitar,3:16.042,820.4833333333333,5
04-11-2026,Clip2,04-11-2026-Clip2,trumpet,agreement,trumpet,3:17.603,820.4833333333333,5
04-11-2026,Clip2,04-11-2026-Clip2,trumpet,initiation,guitar,3:35.395,820.4833333333333,5
04-11-2026,Clip2,04-11-2026-Clip2,trumpet,initiation,trumpet,3:56.505,820.4833333333333,5
04-11-2026,Clip2,04-11-2026-Clip2,trumpet,agreement,guitar,4:01.051,820.4833333333333,5
04-11-2026,Clip2,04-11-2026-Clip2,trumpet,initiation,guitar,4:21.547,820.4833333333333,5
04-11-2026,Clip2,04-11-2026-Clip2,trumpet,agreement,trumpet,4:22.802,820.4833333333333,5
04-11-2026,Clip2,04-11-2026-Clip2,trumpet,initiation,guitar,5:07.225,820.4833333333333,5
04-11-2026,Clip2,04-11-2026-Clip2,trumpet,agreement,trumpet,5:09.121,820.4833333333333,5
04-11-2026,Clip2,04-11-2026-Clip2,trumpet,initiation,guitar,5:31.849,820.4833333333333,5
04-11-2026,Clip2,04-11-2026-Clip2,trumpet,agreement,trumpet,5:33.299,820.4833333333333,5
04-11-2026,Clip2,04-11-2026-Clip2,trumpet,initiation,trumpet,5:53.824,820.4833333333333,5
04-11-2026,Clip2,04-11-2026-Clip2,trumpet,agreement,guitar,5:56.083,820.4833333333333,5
04-11-2026,Clip2,04-11-2026-Clip2,trumpet,initiation,guitar,6:52.274,820.4833333333333,5
04-11-2026,Clip2,04-11-2026-Clip2,trumpet,agreement,trumpet,6:55.247,820.4833333333333,5
04-11-2026,Clip2,04-11-2026-Clip2,trumpet,initiation,guitar,9:00.106,820.4833333333333,5
04-11-2026,Clip2,04-11-2026-Clip2,trumpet,agreement,trumpet,9:01.389,820.4833333333333,5
04-11-2026,Clip2,04-11-2026-Clip2,trumpet,initiation,guitar,9:18.929,820.4833333333333,5
04-11-2026,Clip2,04-11-2026-Clip2,trumpet,agreement,trumpet,9:21.272,820.4833333333333,5
04-11-2026,Clip2,04-11-2026-Clip2,trumpet,initiation,guitar,10:53.688,820.4833333333333,5
04-11-2026,Clip2,04-11-2026-Clip2,trumpet,agreement,trumpet,10:55.696,820.4833333333333,5
04-11-2026,Clip2,04-11-2026-Clip2,trumpet,initiation,trumpet,11:00.659,820.4833333333333,5
04-11-2026,Clip2,04-11-2026-Clip2,trumpet,agreement,guitar,11:03.309,820.4833333333333,5
04-11-2026,Clip2,04-11-2026-Clip2,trumpet,initiation,trumpet,12:23.885,820.4833333333333,5
04-11-2026,Clip2,04-11-2026-Clip2,trumpet,agreement,guitar,12:29.729,820.4833333333333,5
04-11-2026,Clip3,04-11-2026-Clip3,guitar,initiation,trumpet,0:00.530,613.5,1
04-11-2026,Clip3,04-11-2026-Clip3,guitar,agreement,guitar,0:19.640,613.5,1
04-11-2026,Clip3,04-11-2026-Clip3,guitar,initiation,guitar,4:17.825,613.5,1
04-11-2026,Clip3,04-11-2026-Clip3,guitar,agreement,trumpet,4:20.975,613.5,1
04-11-2026,Clip3,04-11-2026-Clip3,guitar,initiation,trumpet,4:45.095,613.5,1
04-11-2026,Clip3,04-11-2026-Clip3,guitar,agreement,guitar,4:45.735,613.5,1
04-11-2026,Clip3,04-11-2026-Clip3,guitar,initiation,guitar,5:19.665,613.5,1
04-11-2026,Clip3,04-11-2026-Clip3,guitar,agreement,guitar,5:22.010,613.5,1
04-11-2026,Clip3,04-11-2026-Clip3,guitar,initiation,guitar,5:50.760,613.5,1
04-11-2026,Clip3,04-11-2026-Clip3,guitar,agreement,trumpet,5:55.070,613.5,1
04-11-2026,Clip3,04-11-2026-Clip3,guitar,initiation,trumpet,7:03.905,613.5,1
04-11-2026,Clip3,04-11-2026-Clip3,guitar,agreement,guitar,7:05.870,613.5,1
04-11-2026,Clip3,04-11-2026-Clip3,guitar,initiation,guitar,7:45.035,613.5,1
04-11-2026,Clip3,04-11-2026-Clip3,guitar,initiation,trumpet,8:07.745,613.5,1
04-11-2026,Clip3,04-11-2026-Clip3,guitar,agreement,guitar,8:10.005,613.5,1
04-11-2026,Clip3,04-11-2026-Clip3,guitar,initiation,guitar,9:53.205,613.5,1
04-11-2026,Clip3,04-11-2026-Clip3,trumpet,initiation,trumpet,0:00.500,613.5,5
04-11-2026,Clip3,04-11-2026-Clip3,trumpet,initiation,guitar,0:23.500,613.5,5
04-11-2026,Clip3,04-11-2026-Clip3,trumpet,agreement,guitar,1:16.000,613.5,5
04-11-2026,Clip3,04-11-2026-Clip3,trumpet,initiation,guitar,2:57.000,613.5,5
04-11-2026,Clip3,04-11-2026-Clip3,trumpet,agreement,trumpet,3:28.000,613.5,5
04-11-2026,Clip3,04-11-2026-Clip3,trumpet,initiation,guitar,3:41.000,613.5,5
04-11-2026,Clip3,04-11-2026-Clip3,trumpet,agreement,trumpet,3:42.500,613.5,5
04-11-2026,Clip3,04-11-2026-Clip3,trumpet,initiation,guitar,4:17.696,613.5,5
04-11-2026,Clip3,04-11-2026-Clip3,trumpet,agreement,trumpet,4:20.426,613.5,5
04-11-2026,Clip3,04-11-2026-Clip3,trumpet,initiation,guitar,5:19.604,613.5,5
04-11-2026,Clip3,04-11-2026-Clip3,trumpet,agreement,trumpet,5:35.557,613.5,5
04-11-2026,Clip3,04-11-2026-Clip3,trumpet,initiation,guitar,5:50.484,613.5,5
04-11-2026,Clip3,04-11-2026-Clip3,trumpet,agreement,trumpet,5:55.051,613.5,5
04-11-2026,Clip3,04-11-2026-Clip3,trumpet,initiation,guitar,6:45.493,613.5,5
04-11-2026,Clip3,04-11-2026-Clip3,trumpet,agreement,trumpet,6:52.861,613.5,5
04-11-2026,Clip3,04-11-2026-Clip3,trumpet,initiation,trumpet,7:04.022,613.5,5
04-11-2026,Clip3,04-11-2026-Clip3,trumpet,agreement,guitar,7:06.035,613.5,5
04-11-2026,Clip3,04-11-2026-Clip3,trumpet,initiation,guitar,7:53.065,613.5,5
04-11-2026,Clip3,04-11-2026-Clip3,trumpet,agreement,trumpet,8:07.507,613.5,5
04-11-2026,Clip3,04-11-2026-Clip3,trumpet,initiation,guitar,8:51.714,613.5,5
04-11-2026,Clip3,04-11-2026-Clip3,trumpet,agreement,trumpet,8:54.297,613.5,5
04-11-2026,Clip3,04-11-2026-Clip3,trumpet,initiation,trumpet,9:11.415,613.5,5
04-11-2026,Clip3,04-11-2026-Clip3,trumpet,initiation,guitar,9:35.950,613.5,5
04-11-2026,Clip3,04-11-2026-Clip3,trumpet,agreement,trumpet,9:39.766,613.5,5
04-11-2026,Clip4,04-11-2026-Clip4,guitar,initiation,guitar,0:02.315,842.7833333333333,1
04-11-2026,Clip4,04-11-2026-Clip4,guitar,agreement,trumpet,0:24.145,842.7833333333333,1
04-11-2026,Clip4,04-11-2026-Clip4,guitar,initiation,guitar,10:06.475,842.7833333333333,1
04-11-2026,Clip4,04-11-2026-Clip4,guitar,agreement,trumpet,10:09.365,842.7833333333333,1
04-11-2026,Clip4,04-11-2026-Clip4,guitar,initiation,trumpet,12:09.015,842.7833333333333,1
04-11-2026,Clip4,04-11-2026-Clip4,guitar,agreement,guitar,12:55.620,842.7833333333333,1
04-11-2026,Clip4,04-11-2026-Clip4,trumpet,initiation,guitar,0:02.256,842.7833333333333,5
04-11-2026,Clip4,04-11-2026-Clip4,trumpet,agreement,trumpet,0:24.727,842.7833333333333,5
04-11-2026,Clip4,04-11-2026-Clip4,trumpet,initiation,guitar,3:59.043,842.7833333333333,5
04-11-2026,Clip4,04-11-2026-Clip4,trumpet,agreement,trumpet,4:00.521,842.7833333333333,5
04-11-2026,Clip4,04-11-2026-Clip4,trumpet,initiation,guitar,5:24.320,842.7833333333333,5
04-11-2026,Clip4,04-11-2026-Clip4,trumpet,agreement,trumpet,5:33.439,842.7833333333333,5
04-11-2026,Clip4,04-11-2026-Clip4,trumpet,initiation,guitar,10:06.476,842.7833333333333,5
04-11-2026,Clip4,04-11-2026-Clip4,trumpet,agreement,trumpet,10:09.264,842.7833333333333,5
04-11-2026,Clip4,04-11-2026-Clip4,trumpet,initiation,trumpet,12:08.870,842.7833333333333,5
04-11-2026,Clip4,04-11-2026-Clip4,trumpet,agreement,guitar,12:11.937,842.7833333333333,5
04-11-2026,Clip4,04-11-2026-Clip4,trumpet,initiation,trumpet,12:58.975,842.7833333333333,5
04-11-2026,Clip5,04-11-2026-Clip5,guitar,initiation,trumpet,00:00.8,708.1666666666666,1
04-11-2026,Clip5,04-11-2026-Clip5,guitar,agreement,guitar,00:01.3,708.1666666666666,1
04-11-2026,Clip5,04-11-2026-Clip5,guitar,initiation,trumpet,01:18.1,708.1666666666666,1
04-11-2026,Clip5,04-11-2026-Clip5,guitar,agreement,guitar,01:18.2,708.1666666666666,1
04-11-2026,Clip5,04-11-2026-Clip5,guitar,initiation,guitar,02:18.4,708.1666666666666,1
04-11-2026,Clip5,04-11-2026-Clip5,guitar,initiation,guitar,03:21.5,708.1666666666666,1
04-11-2026,Clip5,04-11-2026-Clip5,guitar,agreement,trumpet,03:30.9,708.1666666666666,1
04-11-2026,Clip5,04-11-2026-Clip5,guitar,initiation,guitar,05:47.2,708.1666666666666,1
04-11-2026,Clip5,04-11-2026-Clip5,guitar,agreement,trumpet,05:50.9,708.1666666666666,1
04-11-2026,Clip5,04-11-2026-Clip5,guitar,initiation,trumpet,06:26.7,708.1666666666666,1
04-11-2026,Clip5,04-11-2026-Clip5,guitar,agreement,guitar,06:29.7,708.1666666666666,1
04-11-2026,Clip5,04-11-2026-Clip5,guitar,initiation,guitar,07:56.9,708.1666666666666,1
04-11-2026,Clip5,04-11-2026-Clip5,guitar,agreement,trumpet,08:05.8,708.1666666666666,1
04-11-2026,Clip5,04-11-2026-Clip5,guitar,initiation,guitar,09:04.5,708.1666666666666,1
04-11-2026,Clip5,04-11-2026-Clip5,guitar,agreement,trumpet,09:19.3,708.1666666666666,1
04-11-2026,Clip5,04-11-2026-Clip5,trumpet,initiation,trumpet,0:00.641,708.1666666666666,5
04-11-2026,Clip5,04-11-2026-Clip5,trumpet,initiation,guitar,0:01.227,708.1666666666666,5
04-11-2026,Clip5,04-11-2026-Clip5,trumpet,initiation,guitar,1:12.728,708.1666666666666,5
04-11-2026,Clip5,04-11-2026-Clip5,trumpet,agreement,trumpet,1:17.914,708.1666666666666,5
04-11-2026,Clip5,04-11-2026-Clip5,trumpet,initiation,guitar,2:18.501,708.1666666666666,5
04-11-2026,Clip5,04-11-2026-Clip5,trumpet,initiation,trumpet,2:43.247,708.1666666666666,5
04-11-2026,Clip5,04-11-2026-Clip5,trumpet,agreement,guitar,2:46.147,708.1666666666666,5
04-11-2026,Clip5,04-11-2026-Clip5,trumpet,initiation,guitar,3:42.422,708.1666666666666,5
04-11-2026,Clip5,04-11-2026-Clip5,trumpet,agreement,trumpet,3:45.072,708.1666666666666,5
04-11-2026,Clip5,04-11-2026-Clip5,trumpet,initiation,guitar,5:18.798,708.1666666666666,5
04-11-2026,Clip5,04-11-2026-Clip5,trumpet,agreement,trumpet,5:19.663,708.1666666666666,5
04-11-2026,Clip5,04-11-2026-Clip5,trumpet,initiation,trumpet,6:26.367,708.1666666666666,5
04-11-2026,Clip5,04-11-2026-Clip5,trumpet,agreement,guitar,6:31.248,708.1666666666666,5
04-11-2026,Clip5,04-11-2026-Clip5,trumpet,initiation,guitar,7:46.625,708.1666666666666,5
04-11-2026,Clip5,04-11-2026-Clip5,trumpet,agreement,trumpet,8:08.110,708.1666666666666,5
04-11-2026,Clip5,04-11-2026-Clip5,trumpet,initiation,guitar,8:33.112,708.1666666666666,5
04-11-2026,Clip5,04-11-2026-Clip5,trumpet,initiation,trumpet,8:51.794,708.1666666666666,5
04-11-2026,Clip5,04-11-2026-Clip5,trumpet,initiation,guitar,9:04.428,708.1666666666666,5
04-11-2026,Clip5,04-11-2026-Clip5,trumpet,agreement,trumpet,9:19.315,708.1666666666666,5
04-11-2026,Clip5,04-11-2026-Clip5,trumpet,initiation,guitar,9:55.098,708.1666666666666,5
04-11-2026,Clip5,04-11-2026-Clip5,trumpet,agreement,trumpet,9:57.900,708.1666666666666,5
04-11-2026,Clip6,04-11-2026-Clip6,guitar,initiation,guitar,0:00.890,307.45,1
04-11-2026,Clip6,04-11-2026-Clip6,guitar,agreement,trumpet,0:26.854,307.45,1
04-11-2026,Clip6,04-11-2026-Clip6,guitar,initiation,trumpet,3:39.697,307.45,1
04-11-2026,Clip6,04-11-2026-Clip6,guitar,agreement,guitar,3:40.381,307.45,1
04-11-2026,Clip6,04-11-2026-Clip6,trumpet,initiation,guitar,0:00.500,307.45,5
04-11-2026,Clip6,04-11-2026-Clip6,trumpet,initiation,trumpet,0:29.057,307.45,5
04-11-2026,Clip6,04-11-2026-Clip6,trumpet,agreement,guitar,0:30.898,307.45,5
04-11-2026,Clip6,04-11-2026-Clip6,trumpet,initiation,guitar,1:00.653,307.45,5
04-11-2026,Clip6,04-11-2026-Clip6,trumpet,initiation,guitar,1:10.552,307.45,5
04-11-2026,Clip6,04-11-2026-Clip6,trumpet,agreement,trumpet,1:16.241,307.45,5
04-11-2026,Clip6,04-11-2026-Clip6,trumpet,initiation,trumpet,1:52.661,307.45,5
04-11-2026,Clip6,04-11-2026-Clip6,trumpet,agreement,guitar,2:02.265,307.45,5
04-11-2026,Clip6,04-11-2026-Clip6,trumpet,initiation,guitar,3:17.499,307.45,5
04-11-2026,Clip6,04-11-2026-Clip6,trumpet,agreement,trumpet,3:18.605,307.45,5
04-11-2026,Clip6,04-11-2026-Clip6,trumpet,initiation,guitar,3:47.942,307.45,5
04-11-2026,Clip6,04-11-2026-Clip6,trumpet,initiation,trumpet,3:54.083,307.45,5
04-11-2026,Clip6,04-11-2026-Clip6,trumpet,initiation,guitar,4:26.388,307.45,5
04-11-2026,Clip6,04-11-2026-Clip6,trumpet,agreement,trumpet,4:27.100,307.45,5
10-01-2025,Clip1,10-01-2025-Clip1,guitar,initiation,trombone,00:00.5,530.9866666666667,1
10-01-2025,Clip1,10-01-2025-Clip1,guitar,agreement,guitar,00:01.0,530.9866666666667,1
10-01-2025,Clip1,10-01-2025-Clip1,guitar,initiation,trombone,00:36.5,530.9866666666667,1
10-01-2025,Clip1,10-01-2025-Clip1,guitar,initiation,guitar,00:46.0,530.9866666666667,1
10-01-2025,Clip1,10-01-2025-Clip1,guitar,initiation,guitar,02:04.0,530.9866666666667,1
10-01-2025,Clip1,10-01-2025-Clip1,guitar,agreement,trombone,02:12.5,530.9866666666667,1
10-01-2025,Clip1,10-01-2025-Clip1,guitar,initiation,trombone,02:38.5,530.9866666666667,1
10-01-2025,Clip1,10-01-2025-Clip1,guitar,agreement,guitar,02:40.5,530.9866666666667,1
10-01-2025,Clip1,10-01-2025-Clip1,guitar,initiation,guitar,03:32.0,530.9866666666667,1
10-01-2025,Clip1,10-01-2025-Clip1,guitar,agreement,trombone,03:33.5,530.9866666666667,1
10-01-2025,Clip1,10-01-2025-Clip1,guitar,initiation,guitar,05:39.3,530.9866666666667,1
10-01-2025,Clip1,10-01-2025-Clip1,guitar,agreement,trombone,05:56.0,530.9866666666667,1
10-01-2025,Clip1,10-01-2025-Clip1,guitar,initiation,trombone,07:16.0,530.9866666666667,1
10-01-2025,Clip1,10-01-2025-Clip1,guitar,agreement,guitar,08:00.0,530.9866666666667,1
10-01-2025,Clip1,10-01-2025-Clip1,trombone,initiation,trombone,00:00.0,530.9866666666667,2
10-01-2025,Clip1,10-01-2025-Clip1,trombone,initiation,guitar,00:46.6,530.9866666666667,2
10-01-2025,Clip1,10-01-2025-Clip1,trombone,agreement,trombone,01:37.7,530.9866666666667,2
10-01-2025,Clip1,10-01-2025-Clip1,trombone,initiation,guitar,01:54.5,530.9866666666667,2
10-01-2025,Clip1,10-01-2025-Clip1,trombone,agreement,trombone,02:01.0,530.9866666666667,2
10-01-2025,Clip1,10-01-2025-Clip1,trombone,initiation,guitar,03:32.0,530.9866666666667,2
10-01-2025,Clip1,10-01-2025-Clip1,trombone,agreement,trombone,03:33.2,530.9866666666667,2
10-01-2025,Clip1,10-01-2025-Clip1,trombone,initiation,guitar,05:38.0,530.9866666666667,2
10-01-2025,Clip1,10-01-2025-Clip1,trombone,agreement,trombone,05:44.2,530.9866666666667,2
10-01-2025,Clip1,10-01-2025-Clip1,trombone,initiation,guitar,07:09.1,530.9866666666667,2
10-01-2025,Clip1,10-01-2025-Clip1,trombone,initiation,trombone,07:16.0,530.9866666666667,2
10-01-2025,Clip1,10-01-2025-Clip1,trombone,agreement,guitar,07:20.0,530.9866666666667,2
10-01-2025,Clip1,10-01-2025-Clip1,trombone,initiation,guitar,07:49.0,530.9866666666667,2
10-01-2025,Clip1,10-01-2025-Clip1,trombone,agreement,trombone,08:01.7,530.9866666666667,2
10-29-2025,Clip1,10-29-2025-Clip1,guitar,initiation,trombone,0:03.000,387.008,1
10-29-2025,Clip1,10-29-2025-Clip1,guitar,initiation,guitar,1:02.500,387.008,1
10-29-2025,Clip1,10-29-2025-Clip1,guitar,agreement,trombone,1:08.000,387.008,1
10-29-2025,Clip1,10-29-2025-Clip1,guitar,initiation,guitar,1:31.500,387.008,1
10-29-2025,Clip1,10-29-2025-Clip1,guitar,agreement,trombone,1:42.000,387.008,1
10-29-2025,Clip1,10-29-2025-Clip1,guitar,initiation,trombone,2:27.000,387.008,1
10-29-2025,Clip1,10-29-2025-Clip1,guitar,agreement,guitar,2:30.000,387.008,1
10-29-2025,Clip1,10-29-2025-Clip1,guitar,initiation,guitar,3:46.500,387.008,1
10-29-2025,Clip1,10-29-2025-Clip1,guitar,agreement,trombone,4:07.000,387.008,1
10-29-2025,Clip1,10-29-2025-Clip1,guitar,initiation,guitar,4:54.000,387.008,1
10-29-2025,Clip1,10-29-2025-Clip1,guitar,agreement,trombone,4:57.500,387.008,1
10-29-2025,Clip1,10-29-2025-Clip1,guitar,initiation,trombone,5:45.000,387.008,1
10-29-2025,Clip1,10-29-2025-Clip1,guitar,agreement,guitar,5:46.000,387.008,1
10-29-2025,Clip1,10-29-2025-Clip1,trombone,initiation,trombone,0:01.017,387.008,2
10-29-2025,Clip1,10-29-2025-Clip1,trombone,initiation,trombone,2:27.522,387.008,2
10-29-2025,Clip1,10-29-2025-Clip1,trombone,agreement,guitar,2:30.000,387.008,2
10-29-2025,Clip1,10-29-2025-Clip1,trombone,initiation,guitar,3:46.531,387.008,2
10-29-2025,Clip1,10-29-2025-Clip1,trombone,initiation,trombone,4:07.000,387.008,2
10-29-2025,Clip1,10-29-2025-Clip1,trombone,agreement,guitar,4:11.000,387.008,2
10-29-2025,Clip1,10-29-2025-Clip1,trombone,initiation,guitar,4:54.000,387.008,2
10-29-2025,Clip1,10-29-2025-Clip1,trombone,agreement,trombone,4:55.500,387.008,2
10-29-2025,Clip1,10-29-2025-Clip1,trombone,initiation,trombone,5:45.016,387.008,2
10-29-2025,Clip1,10-29-2025-Clip1,trombone,agreement,guitar,5:46.087,387.008,2
10-29-2025,Clip2,10-29-2025-Clip2,guitar,initiation,guitar,0:01.167,520.0,1
10-29-2025,Clip2,10-29-2025-Clip2,guitar,agreement,trombone,0:04.767,520.0,1
10-29-2025,Clip2,10-29-2025-Clip2,guitar,initiation,guitar,1:26.812,520.0,1
10-29-2025,Clip2,10-29-2025-Clip2,guitar,agreement,trombone,1:28.336,520.0,1
10-29-2025,Clip2,10-29-2025-Clip2,guitar,initiation,guitar,2:43.227,520.0,1
10-29-2025,Clip2,10-29-2025-Clip2,guitar,agreement,trombone,2:47.000,520.0,1
10-29-2025,Clip2,10-29-2025-Clip2,guitar,initiation,guitar,3:30.399,520.0,1
10-29-2025,Clip2,10-29-2025-Clip2,guitar,agreement,trombone,3:50.000,520.0,1
10-29-2025,Clip2,10-29-2025-Clip2,guitar,initiation,guitar,5:31.000,520.0,1
10-29-2025,Clip2,10-29-2025-Clip2,guitar,agreement,trombone,5:33.500,520.0,1
10-29-2025,Clip2,10-29-2025-Clip2,guitar,initiation,trombone,6:16.117,520.0,1
10-29-2025,Clip2,10-29-2025-Clip2,guitar,agreement,guitar,6:17.032,520.0,1
10-29-2025,Clip2,10-29-2025-Clip2,guitar,initiation,guitar,6:57.145,520.0,1
10-29-2025,Clip2,10-29-2025-Clip2,guitar,agreement,trombone,7:12.489,520.0,1
10-29-2025,Clip2,10-29-2025-Clip2,trombone,initiation,guitar,0:00.510,520.0,2
10-29-2025,Clip2,10-29-2025-Clip2,trombone,agreement,trombone,0:04.000,520.0,2
10-29-2025,Clip2,10-29-2025-Clip2,trombone,initiation,guitar,1:26.500,520.0,2
10-29-2025,Clip2,10-29-2025-Clip2,trombone,agreement,trombone,1:28.000,520.0,2
10-29-2025,Clip2,10-29-2025-Clip2,trombone,initiation,guitar,2:40.506,520.0,2
10-29-2025,Clip2,10-29-2025-Clip2,trombone,agreement,trombone,2:47.000,520.0,2
10-29-2025,Clip2,10-29-2025-Clip2,trombone,initiation,guitar,3:30.000,520.0,2
10-29-2025,Clip2,10-29-2025-Clip2,trombone,agreement,trombone,3:49.870,520.0,2
10-29-2025,Clip2,10-29-2025-Clip2,trombone,initiation,guitar,5:30.942,520.0,2
10-29-2025,Clip2,10-29-2025-Clip2,trombone,agreement,trombone,5:36.610,520.0,2
10-29-2025,Clip2,10-29-2025-Clip2,trombone,initiation,trombone,6:16.000,520.0,2
10-29-2025,Clip2,10-29-2025-Clip2,trombone,agreement,guitar,6:17.000,520.0,2
10-29-2025,Clip2,10-29-2025-Clip2,trombone,initiation,guitar,7:10.024,520.0,2
10-29-2025,Clip2,10-29-2025-Clip2,trombone,agreement,trombone,7:11.500,520.0,2
10-29-2025,Clip3,10-29-2025-Clip3,guitar,initiation,trombone,0:02.986,528.0,1
10-29-2025,Clip3,10-29-2025-Clip3,guitar,agreement,guitar,0:18.474,528.0,1
10-29-2025,Clip3,10-29-2025-Clip3,guitar,initiation,trombone,2:14.000,528.0,1
10-29-2025,Clip3,10-29-2025-Clip3,guitar,agreement,guitar,2:15.500,528.0,1
10-29-2025,Clip3,10-29-2025-Clip3,guitar,initiation,guitar,2:58.000,528.0,1
10-29-2025,Clip3,10-29-2025-Clip3,guitar,agreement,trombone,2:59.000,528.0,1
10-29-2025,Clip3,10-29-2025-Clip3,guitar,initiation,guitar,5:43.000,528.0,1
10-29-2025,Clip3,10-29-2025-Clip3,guitar,initiation,trombone,6:06.944,528.0,1
10-29-2025,Clip3,10-29-2025-Clip3,guitar,agreement,guitar,6:44.599,528.0,1
10-29-2025,Clip3,10-29-2025-Clip3,guitar,initiation,guitar,7:06.725,528.0,1
10-29-2025,Clip3,10-29-2025-Clip3,guitar,initiation,guitar,7:36.833,528.0,1
10-29-2025,Clip3,10-29-2025-Clip3,guitar,agreement,trombone,7:50.225,528.0,1
10-29-2025,Clip3,10-29-2025-Clip3,trombone,initiation,trombone,00:03.0,528.0,2
10-29-2025,Clip3,10-29-2025-Clip3,trombone,agreement,guitar,00:08.0,528.0,2
10-29-2025,Clip3,10-29-2025-Clip3,trombone,initiation,trombone,00:23.0,528.0,2
10-29-2025,Clip3,10-29-2025-Clip3,trombone,agreement,guitar,00:26.0,528.0,2
10-29-2025,Clip3,10-29-2025-Clip3,trombone,initiation,guitar,00:58.0,528.0,2
10-29-2025,Clip3,10-29-2025-Clip3,trombone,agreement,trombone,01:27.0,528.0,2
10-29-2025,Clip3,10-29-2025-Clip3,trombone,initiation,guitar,02:58.0,528.0,2
10-29-2025,Clip3,10-29-2025-Clip3,trombone,agreement,trombone,02:58.2,528.0,2
10-29-2025,Clip3,10-29-2025-Clip3,trombone,initiation,guitar,07:36.4,528.0,2
10-29-2025,Clip3,10-29-2025-Clip3,trombone,agreement,trombone,07:49.5,528.0,2
11-19-2025,Clip1,11-19-2025-Clip1,guitar,initiation,trombone,0:01.712,786.8,1
11-19-2025,Clip1,11-19-2025-Clip1,guitar,agreement,guitar,0:03.992,786.8,1
11-19-2025,Clip1,11-19-2025-Clip1,guitar,initiation,guitar,0:43.646,786.8,1
11-19-2025,Clip1,11-19-2025-Clip1,guitar,agreement,trombone,0:45.420,786.8,1
11-19-2025,Clip1,11-19-2025-Clip1,guitar,initiation,trombone,2:10.738,786.8,1
11-19-2025,Clip1,11-19-2025-Clip1,guitar,agreement,guitar,2:13.381,786.8,1
11-19-2025,Clip1,11-19-2025-Clip1,guitar,initiation,guitar,3:02.424,786.8,1
11-19-2025,Clip1,11-19-2025-Clip1,guitar,agreement,trombone,3:19.084,786.8,1
11-19-2025,Clip1,11-19-2025-Clip1,guitar,initiation,trombone,6:04.475,786.8,1
11-19-2025,Clip1,11-19-2025-Clip1,guitar,agreement,guitar,6:09.230,786.8,1
11-19-2025,Clip1,11-19-2025-Clip1,guitar,initiation,guitar,6:43.067,786.8,1
11-19-2025,Clip1,11-19-2025-Clip1,guitar,initiation,guitar,7:24.298,786.8,1
11-19-2025,Clip1,11-19-2025-Clip1,guitar,agreement,trombone,7:26.204,786.8,1
11-19-2025,Clip1,11-19-2025-Clip1,guitar,initiation,guitar,8:24.359,786.8,1
11-19-2025,Clip1,11-19-2025-Clip1,guitar,agreement,trombone,8:57.659,786.8,1
11-19-2025,Clip1,11-19-2025-Clip1,guitar,initiation,guitar,10:16.048,786.8,1
11-19-2025,Clip1,11-19-2025-Clip1,guitar,agreement,trombone,10:29.611,786.8,1
11-19-2025,Clip1,11-19-2025-Clip1,guitar,initiation,trombone,10:59.116,786.8,1
11-19-2025,Clip1,11-19-2025-Clip1,guitar,agreement,guitar,11:02.480,786.8,1
11-19-2025,Clip1,11-19-2025-Clip1,guitar,initiation,guitar,11:14.212,786.8,1
11-19-2025,Clip1,11-19-2025-Clip1,guitar,initiation,trombone,11:56.850,786.8,1
11-19-2025,Clip1,11-19-2025-Clip1,guitar,agreement,guitar,11:58.183,786.8,1
11-19-2025,Clip1,11-19-2025-Clip1,guitar,initiation,guitar,12:31.618,786.8,1
11-19-2025,Clip1,11-19-2025-Clip1,guitar,agreement,trombone,12:40.426,786.8,1
11-19-2025,Clip1,11-19-2025-Clip1,trombone,initiation,trombone,0:01.668,786.8,2
11-19-2025,Clip1,11-19-2025-Clip1,trombone,initiation,guitar,0:03.988,786.8,2
11-19-2025,Clip1,11-19-2025-Clip1,trombone,initiation,trombone,0:28.598,786.8,2
11-19-2025,Clip1,11-19-2025-Clip1,trombone,initiation,guitar,0:30.838,786.8,2
11-19-2025,Clip1,11-19-2025-Clip1,trombone,initiation,trombone,0:45.205,786.8,2
11-19-2025,Clip1,11-19-2025-Clip1,trombone,agreement,guitar,0:46.331,786.8,2
11-19-2025,Clip1,11-19-2025-Clip1,trombone,initiation,guitar,2:09.213,786.8,2
11-19-2025,Clip1,11-19-2025-Clip1,trombone,agreement,trombone,2:10.657,786.8,2
11-19-2025,Clip1,11-19-2025-Clip1,trombone,initiation,guitar,3:02.233,786.8,2
11-19-2025,Clip1,11-19-2025-Clip1,trombone,agreement,trombone,3:19.049,786.8,2
11-19-2025,Clip1,11-19-2025-Clip1,trombone,initiation,trombone,6:08.238,786.8,2
11-19-2025,Clip1,11-19-2025-Clip1,trombone,initiation,guitar,6:26.796,786.8,2
11-19-2025,Clip1,11-19-2025-Clip1,trombone,agreement,trombone,6:31.620,786.8,2
11-19-2025,Clip1,11-19-2025-Clip1,trombone,initiation,guitar,8:23.405,786.8,2
11-19-2025,Clip1,11-19-2025-Clip1,trombone,agreement,trombone,8:57.630,786.8,2
11-19-2025,Clip1,11-19-2025-Clip1,trombone,initiation,trombone,9:30.020,786.8,2
11-19-2025,Clip1,11-19-2025-Clip1,trombone,agreement,guitar,10:15.931,786.8,2
11-19-2025,Clip1,11-19-2025-Clip1,trombone,initiation,guitar,11:13.451,786.8,2
11-19-2025,Clip1,11-19-2025-Clip1,trombone,initiation,trombone,11:39.837,786.8,2
11-19-2025,Clip1,11-19-2025-Clip1,trombone,agreement,guitar,11:58.853,786.8,2
11-19-2025,Clip2,11-19-2025-Clip2,guitar,initiation,trombone,0:02.000,551.764,1
11-19-2025,Clip2,11-19-2025-Clip2,guitar,agreement,guitar,0:06.500,551.764,1
11-19-2025,Clip2,11-19-2025-Clip2,guitar,initiation,guitar,1:52.500,551.764,1
11-19-2025,Clip2,11-19-2025-Clip2,guitar,agreement,trombone,1:56.405,551.764,1
11-19-2025,Clip2,11-19-2025-Clip2,guitar,initiation,trombone,2:56.293,551.764,1
11-19-2025,Clip2,11-19-2025-Clip2,guitar,agreement,guitar,2:56.340,551.764,1
11-19-2025,Clip2,11-19-2025-Clip2,guitar,initiation,guitar,4:36.503,551.764,1
11-19-2025,Clip2,11-19-2025-Clip2,guitar,agreement,trombone,4:56.273,551.764,1
11-19-2025,Clip2,11-19-2025-Clip2,guitar,initiation,guitar,6:52.443,551.764,1
11-19-2025,Clip2,11-19-2025-Clip2,guitar,agreement,trombone,7:23.475,551.764,1
11-19-2025,Clip2,11-19-2025-Clip2,trombone,initiation,trombone,0:02.125,551.764,2
11-19-2025,Clip2,11-19-2025-Clip2,trombone,agreement,guitar,0:10.700,551.764,2
11-19-2025,Clip2,11-19-2025-Clip2,trombone,initiation,guitar,0:25.500,551.764,2
11-19-2025,Clip2,11-19-2025-Clip2,trombone,agreement,trombone,0:35.200,551.764,2
11-19-2025,Clip2,11-19-2025-Clip2,trombone,initiation,guitar,1:36.541,551.764,2
11-19-2025,Clip2,11-19-2025-Clip2,trombone,agreement,trombone,1:38.550,551.764,2
11-19-2025,Clip2,11-19-2025-Clip2,trombone,initiation,guitar,1:47.788,551.764,2
11-19-2025,Clip2,11-19-2025-Clip2,trombone,agreement,trombone,1:49.413,551.764,2
11-19-2025,Clip2,11-19-2025-Clip2,trombone,initiation,guitar,2:40.979,551.764,2
11-19-2025,Clip2,11-19-2025-Clip2,trombone,initiation,trombone,2:43.155,551.764,2
11-19-2025,Clip2,11-19-2025-Clip2,trombone,initiation,trombone,2:57.656,551.764,2
11-19-2025,Clip2,11-19-2025-Clip2,trombone,agreement,guitar,3:00.143,551.764,2
11-19-2025,Clip2,11-19-2025-Clip2,trombone,initiation,guitar,4:42.045,551.764,2
11-19-2025,Clip2,11-19-2025-Clip2,trombone,agreement,trombone,4:56.489,551.764,2
11-19-2025,Clip2,11-19-2025-Clip2,trombone,initiation,guitar,6:52.111,551.764,2
11-19-2025,Clip2,11-19-2025-Clip2,trombone,initiation,guitar,7:20.169,551.764,2
11-19-2025,Clip2,11-19-2025-Clip2,trombone,agreement,trombone,7:23.733,551.764,2
11-19-2025,Clip3,11-19-2025-Clip3,guitar,initiation,guitar,0:01.000,684.0106666666667,1
11-19-2025,Clip3,11-19-2025-Clip3,guitar,agreement,trombone,0:06.000,684.0106666666667,1
11-19-2025,Clip3,11-19-2025-Clip3,guitar,initiation,guitar,2:10.407,684.0106666666667,1
11-19-2025,Clip3,11-19-2025-Clip3,guitar,agreement,trombone,2:13.063,684.0106666666667,1
11-19-2025,Clip3,11-19-2025-Clip3,guitar,initiation,guitar,3:10.000,684.0106666666667,1
11-19-2025,Clip3,11-19-2025-Clip3,guitar,initiation,trombone,3:51.500,684.0106666666667,1
11-19-2025,Clip3,11-19-2025-Clip3,guitar,agreement,guitar,4:06.186,684.0106666666667,1
11-19-2025,Clip3,11-19-2025-Clip3,guitar,initiation,guitar,7:43.000,684.0106666666667,1
11-19-2025,Clip3,11-19-2025-Clip3,guitar,agreement,trombone,8:19.000,684.0106666666667,1
11-19-2025,Clip3,11-19-2025-Clip3,guitar,initiation,guitar,9:51.000,684.0106666666667,1
11-19-2025,Clip3,11-19-2025-Clip3,guitar,agreement,trombone,10:06.576,684.0106666666667,1
11-19-2025,Clip3,11-19-2025-Clip3,trombone,initiation,guitar,0:01.152,684.0106666666667,2
11-19-2025,Clip3,11-19-2025-Clip3,trombone,agreement,trombone,0:06.004,684.0106666666667,2
11-19-2025,Clip3,11-19-2025-Clip3,trombone,initiation,guitar,2:09.749,684.0106666666667,2
11-19-2025,Clip3,11-19-2025-Clip3,trombone,agreement,trombone,2:13.152,684.0106666666667,2
11-19-2025,Clip3,11-19-2025-Clip3,trombone,initiation,guitar,3:10.162,684.0106666666667,2
11-19-2025,Clip3,11-19-2025-Clip3,trombone,agreement,trombone,3:51.636,684.0106666666667,2
11-19-2025,Clip3,11-19-2025-Clip3,trombone,initiation,guitar,4:06.030,684.0106666666667,2
11-19-2025,Clip3,11-19-2025-Clip3,trombone,agreement,trombone,4:30.502,684.0106666666667,2
11-19-2025,Clip3,11-19-2025-Clip3,trombone,initiation,guitar,7:45.258,684.0106666666667,2
11-19-2025,Clip3,11-19-2025-Clip3,trombone,initiation,trombone,8:11.763,684.0106666666667,2
11-19-2025,Clip3,11-19-2025-Clip3,trombone,agreement,guitar,8:24.001,684.0106666666667,2
11-19-2025,Clip3,11-19-2025-Clip3,trombone,initiation,guitar,9:52.268,684.0106666666667,2
11-19-2025,Clip3,11-19-2025-Clip3,trombone,agreement,trombone,10:06.797,684.0106666666667,2
